option_symbol,symbol,right,strike,expiration,bid,ask,last,volume,open_interest,iv,delta,gamma,theta,vega,rho,snapshot_ts,snapshot_label,run_id,source,mid,dte,adelta,dist
AAPL250829C00235000,AAPL,C,235.0,2025-08-29,0.65,0.67,0.68,26378,33308,0.296593,0.1545443652115263,0.036666455664371815,-0.2626802089099238,0.05032203010163773,0.0028819214671613057,2025-08-26T20:00:03.964319+00:00,S3,20250826200003,tradier_4x,0.66,3,0.1545443652115263,0.0454556347884737
AAPL250829C00232500,AAPL,C,232.5,2025-08-29,1.29,1.31,1.32,16995,16195,0.299265,0.25071339749845184,0.05150793507178992,-0.3391929546540038,0.06487786028797125,0.004671985468645934,2025-08-26T20:00:03.964319+00:00,S3,20250826200003,tradier_4x,1.3,3,0.25071339749845184,0.05071339749845183
AAPL250829C00237500,AAPL,C,237.5,2025-08-29,0.3,0.31,0.32,13793,12916,0.299867,0.08951335516767989,0.024071145508398135,-0.18343398483066625,0.0356066132293631,0.001670165845692347,2025-08-26T20:00:03.964319+00:00,S3,20250826200003,tradier_4x,0.305,3,0.08951335516767989,0.11048664483232012
AAPL250829P00222500,AAPL,P,222.5,2025-08-29,0.58,0.6,0.59,15990,9478,0.330148,-0.197425614558185,0.04031663817676617,-0.36668113576276007,0.05611224098314245,0.014706673720070998,2025-08-26T20:00:03.964319+00:00,S3,20250826200003,tradier_4x,0.59,3,0.197425614558185,0.0025743854418150136
AAPL250829P00220000,AAPL,P,220.0,2025-08-29,0.36,0.37,0.36,12227,44381,0.346881,-0.1347959477012687,0.028323467038698574,-0.32736720748478354,0.04600181557603569,0.01571401224171285,2025-08-26T20:00:03.964319+00:00,S3,20250826200003,tradier_4x,0.365,3,0.1347959477012687,0.0652040522987313
AAPL250829P00225000,AAPL,P,225.0,2025-08-29,0.99,1.01,1.02,28641,13620,0.317281,-0.2982360069145529,0.05548799794247094,-0.4024501843850304,0.07359648351076081,0.012955997407674193,2025-08-26T20:00:03.964319+00:00,S3,20250826200003,tradier_4x,1.0,3,0.2982360069145529,0.09823600691455286
ABNB250829C00130000,ABNB,C,130.0,2025-08-29,0.35,0.38,0.36,180,754,0.300369,0.18307233677249626,0.07456326410806763,-0.15540236242059846,0.0307524454472902,0.0018428500738362139,2025-08-26T20:00:04.908991+00:00,S3,20250826200003,tradier_4x,0.365,3,0.18307233677249626,0.016927663227503748
ABNB250829C00129000,ABNB,C,129.0,2025-08-29,0.57,0.66,0.57,80,151,0.298011,0.2612232398839704,0.09428184067496026,-0.1886112042913816,0.03601153259335581,0.0026364116490442467,2025-08-26T20:00:04.908991+00:00,S3,20250826200003,tradier_4x,0.615,3,0.2612232398839704,0.06122323988397038
ABNB250829C00131000,ABNB,C,131.0,2025-08-29,0.21,0.23,0.2,261,512,0.305028,0.12637918386981709,0.056182988848505096,-0.12447203491871296,0.022363693848397467,0.0012692826169339675,2025-08-26T20:00:04.908991+00:00,S3,20250826200003,tradier_4x,0.22,3,0.12637918386981709,0.07362081613018293
ABNB250829P00123000,ABNB,P,123.0,2025-08-29,0.24,0.29,0.35,4,273,0.335112,-0.1680209148377856,0.06377506818470594,-0.19742913755638386,0.02839453942910735,0.00839474972227308,2025-08-26T20:00:04.908991+00:00,S3,20250826200003,tradier_4x,0.265,3,0.1680209148377856,0.0319790851622144
ABNB250829P00124000,ABNB,P,124.0,2025-08-29,0.39,0.45,0.44,125,92,0.32559,-0.2329185378395618,0.07988415426121398,-0.22464884906924615,0.036393115825833114,0.007764262106271731,2025-08-26T20:00:04.908991+00:00,S3,20250826200003,tradier_4x,0.42000000000000004,3,0.2329185378395618,0.03291853783956178
ABNB250829P00122000,ABNB,P,122.0,2025-08-29,0.14,0.18,0.14,0,140,0.343224,-0.1172301136500221,0.04886276670019227,-0.16584437709977204,0.022824472811417796,0.00887122240093067,2025-08-26T20:00:04.908991+00:00,S3,20250826200003,tradier_4x,0.16,3,0.1172301136500221,0.08276988634997791
AMD250829C00175000,AMD,C,175.0,2025-08-29,0.9,0.92,0.91,66302,15016,0.592339,0.1788430548704369,0.02973778094018316,-0.39109183365879746,0.04023221269049641,0.0024341604092548504,2025-08-26T20:00:05.811844+00:00,S3,20250826200003,tradier_4x,0.91,3,0.1788430548704369,0.02115694512956312
AMD250829C00172500,AMD,C,172.5,2025-08-29,1.37,1.38,1.37,37136,12650,0.57896,0.25459669224291137,0.03701956366150925,-0.4747820870885821,0.05054570418686091,0.0034519129152184268,2025-08-26T20:00:05.811844+00:00,S3,20250826200003,tradier_4x,1.375,3,0.25459669224291137,0.05459669224291136
AMD250829C00177500,AMD,C,177.5,2025-08-29,0.59,0.61,0.6,12965,7365,0.60752,0.12410288158942223,0.022727265348262627,-0.31458718258164825,0.03296020308561486,0.001693709286848687,2025-08-26T20:00:05.811844+00:00,S3,20250826200003,tradier_4x,0.6,3,0.12410288158942223,0.07589711841057778
AMD250829P00160000,AMD,P,160.0,2025-08-29,1.06,1.08,1.06,19908,10763,0.574459,-0.216581754936129,0.03399229389909013,-0.4432884237450743,0.04451519697511503,0.010265286910928902,2025-08-26T20:00:05.811844+00:00,S3,20250826200003,tradier_4x,1.07,3,0.216581754936129,0.016581754936128984
AMD250829P00157500,AMD,P,157.5,2025-08-29,0.65,0.67,0.64,8488,5919,0.586002,-0.1427883335937584,0.025551453210279414,-0.35585495850549953,0.033647627585098885,0.011109363209156155,2025-08-26T20:00:05.811844+00:00,S3,20250826200003,tradier_4x,0.66,3,0.1427883335937584,0.05721166640624162
AMD250829P00155000,AMD,P,155.0,2025-08-29,0.39,0.4,0.39,6886,7731,0.604521,-0.0929761231241952,0.018107849985290848,-0.28119867092176987,0.026473278967270458,0.011606590223616637,2025-08-26T20:00:05.811844+00:00,S3,20250826200003,tradier_4x,0.395,3,0.0929761231241952,0.10702387687580481
AMZN250829C00232500,AMZN,C,232.5,2025-08-29,0.76,0.78,0.78,9751,20694,0.253839,0.2000324375286166,0.055883428940518634,-0.24404759391304848,0.060399906750300866,0.003767555807579303,2025-08-26T20:00:06.547576+00:00,S3,20250826200003,tradier_4x,0.77,3,0.2000324375286166,3.2437528616591216e-05
AMZN250829C00235000,AMZN,C,235.0,2025-08-29,0.32,0.33,0.34,8806,21524,0.255741,0.10157827988680414,0.03398748366539202,-0.15952751460227832,0.035544142491401774,0.001916895580888338,2025-08-26T20:00:06.547576+00:00,S3,20250826200003,tradier_4x,0.325,3,0.10157827988680414,0.09842172011319587
AMZN250829C00237500,AMZN,C,237.5,2025-08-29,0.13,0.14,0.14,6776,18027,0.265692,0.04958098931282619,0.018646228005538237,-0.09617677047149198,0.02302697928856408,0.0009368035000834087,2025-08-26T20:00:06.547576+00:00,S3,20250826200003,tradier_4x,0.135,3,0.04958098931282619,0.15041901068717384
AMZN250829P00222500,AMZN,P,222.5,2025-08-29,0.43,0.45,0.43,4749,4454,0.282569,-0.1908395078788656,0.04083446338063836,-0.3429115714325126,0.056147002620506835,0.014861295902655652,2025-08-26T20:00:06.547576+00:00,S3,20250826200003,tradier_4x,0.44,3,0.1908395078788656,0.0091604921211344
AMZN250829P00220000,AMZN,P,220.0,2025-08-29,0.23,0.25,0.23,4828,6193,0.298062,-0.1180224580837058,0.027796416311208424,-0.27877218985225244,0.04115496854050183,0.016059633352900008,2025-08-26T20:00:06.547576+00:00,S3,20250826200003,tradier_4x,0.24,3,0.1180224580837058,0.08197754191629421
AMZN250829P00225000,AMZN,P,225.0,2025-08-29,0.83,0.85,0.82,11671,7721,0.271648,-0.29556979572454,0.05683412046882077,-0.3858587936057539,0.07364588971900916,0.013044493106790728,2025-08-26T20:00:06.547576+00:00,S3,20250826200003,tradier_4x,0.84,3,0.29556979572454,0.09556979572454
AVGO250829C00310000,AVGO,C,310.0,2025-08-29,1.4,1.47,1.43,2970,4280,0.47384,0.18474890680925526,0.021027712146091344,-0.5894005154055983,0.07187945489547047,0.004590189780520113,2025-08-26T20:00:07.431652+00:00,S3,20250826200003,tradier_4x,1.435,3,0.18474890680925526,0.015251093190744747
AVGO250829C00307500,AVGO,C,307.5,2025-08-29,1.92,2.01,2.0,1059,2052,0.472194,0.23807858685249345,0.024411553963352685,-0.6813195427541842,0.08451708418327279,0.005891471789874044,2025-08-26T20:00:07.431652+00:00,S3,20250826200003,tradier_4x,1.9649999999999999,3,0.23807858685249345,0.038078586852493435
AVGO250829C00312500,AVGO,C,312.5,2025-08-29,1.0,1.07,0.98,1071,1485,0.476375,0.1405282894152357,0.017554389879906977,-0.496478982131076,0.058719862864415134,0.003504542665126456,2025-08-26T20:00:07.431652+00:00,S3,20250826200003,tradier_4x,1.0350000000000001,3,0.1405282894152357,0.059471710584764303
AVGO250829P00287500,AVGO,P,287.5,2025-08-29,1.7,1.83,1.84,970,2929,0.50685,-0.2148020799565055,0.020921207648599643,-0.7126961724748498,0.07970075340864681,0.018592979890709623,2025-08-26T20:00:07.431652+00:00,S3,20250826200003,tradier_4x,1.7650000000000001,3,0.2148020799565055,0.014802079956505482
AVGO250829P00285000,AVGO,P,285.0,2025-08-29,1.26,1.36,1.32,952,2577,0.511046,-0.1670348116632213,0.017639959175167492,-0.6273245075886906,0.0668290072568272,0.019591847497473832,2025-08-26T20:00:07.431652+00:00,S3,20250826200003,tradier_4x,1.31,3,0.1670348116632213,0.03296518833677872
AVGO250829P00290000,AVGO,P,290.0,2025-08-29,2.28,2.4,2.35,1626,1950,0.501476,-0.2705008432199602,0.024121473032315363,-0.7890047145785049,0.09133782806880757,0.01738660732544056,2025-08-26T20:00:07.431652+00:00,S3,20250826200003,tradier_4x,2.34,3,0.2705008432199602,0.0705008432199602
BA250829C00240000,BA,C,240.0,2025-08-29,0.9,0.94,0.93,13745,3211,0.344237,0.2133291813777108,0.03837358177101494,-0.371183535698498,0.06182690040692111,0.003998758122154374,2025-08-26T20:00:08.395141+00:00,S3,20250826200003,tradier_4x,0.9199999999999999,3,0.2133291813777108,0.013329181377710803
BA250829C00242500,BA,C,242.5,2025-08-29,0.47,0.53,0.5,1472,836,0.350582,0.14010847950894276,0.028293665653614464,-0.2905682842893299,0.046431528501155235,0.0026231785114108662,2025-08-26T20:00:08.395141+00:00,S3,20250826200003,tradier_4x,0.5,3,0.14010847950894276,0.059891520491057254
BA250829C00245000,BA,C,245.0,2025-08-29,0.26,0.29,0.28,1185,1490,0.359827,0.08792591770591947,0.019690156134309477,-0.2121201753539047,0.03186029803249914,0.0016440465749132242,2025-08-26T20:00:08.395141+00:00,S3,20250826200003,tradier_4x,0.275,3,0.08792591770591947,0.11207408229408054
BA250829P00227500,BA,P,227.5,2025-08-29,0.51,0.59,0.57,768,1148,0.351398,-0.1917716743995121,0.03701771598455765,-0.399017569608218,0.057272555920686724,0.015072348103728348,2025-08-26T20:00:08.395141+00:00,S3,20250826200003,tradier_4x,0.55,3,0.1917716743995121,0.008228325600487918
BA250829P00225000,BA,P,225.0,2025-08-29,0.3,0.34,0.33,5070,7369,0.369079,-0.1273305417868217,0.026496931891900104,-0.3413492216497463,0.0468701882621216,0.016166138138617524,2025-08-26T20:00:08.395141+00:00,S3,20250826200003,tradier_4x,0.32,3,0.1273305417868217,0.0726694582131783
BA250829P00230000,BA,P,230.0,2025-08-29,0.92,1.07,1.0,1599,1073,0.343692,-0.2880749560937765,0.048760138453337085,-0.4534492155608813,0.07519579820312643,0.013338190430227437,2025-08-26T20:00:08.395141+00:00,S3,20250826200003,tradier_4x,0.9950000000000001,3,0.2880749560937765,0.08807495609377647
BAC250829C00051000,BAC,C,51.0,2025-08-29,0.14,0.15,0.15,6194,10897,0.230428,0.19976882024614218,0.2681582258820195,-0.05153776379757236,0.013160358990518156,0.0008465885265434803,2025-08-26T20:00:09.432373+00:00,S3,20250826200003,tradier_4x,0.14500000000000002,3,0.19976882024614218,0.0002311797538578353
BAC250829C00052000,BAC,C,52.0,2025-08-29,0.02,0.03,0.03,1881,4797,0.250996,0.06340127899270773,0.10440532001289939,-0.02621982731980268,0.005824590889874064,0.000270610896105358,2025-08-26T20:00:09.432373+00:00,S3,20250826200003,tradier_4x,0.025,3,0.06340127899270773,0.13659872100729228
BAC250829C00053000,BAC,C,53.0,2025-08-29,0.0,0.01,0.01,43,437,0.298839,0.014329816581555624,0.02913092018503724,-0.006828465751853013,0.001962748042807203,6.17131570668737e-05,2025-08-26T20:00:09.432373+00:00,S3,20250826200003,tradier_4x,0.005,3,0.014329816581555624,0.18567018341844438
BAC250829P00049000,BAC,P,49.0,2025-08-29,0.08,0.09,0.09,5425,2701,0.261306,-0.1882337247004195,0.21173856203682825,-0.06203600866738128,0.012410676821065891,0.0033051744378348926,2025-08-26T20:00:09.432373+00:00,S3,20250826200003,tradier_4x,0.08499999999999999,3,0.1882337247004195,0.01176627529958052
BAC250829P00048500,BAC,P,48.5,2025-08-29,0.05,0.06,0.05,905,1681,0.282814,-0.1171219787659225,0.14116878861162271,-0.05096964346764716,0.009122245171053645,0.003558844845016306,2025-08-26T20:00:09.432373+00:00,S3,20250826200003,tradier_4x,0.055,3,0.1171219787659225,0.08287802123407752
BAC250829P00049500,BAC,P,49.5,2025-08-29,0.15,0.17,0.16,1693,1519,0.240214,-0.3001402583758996,0.300593198010561,-0.07133652769368774,0.01546206250047138,0.002879564290001671,2025-08-26T20:00:09.432373+00:00,S3,20250826200003,tradier_4x,0.16,3,0.3001402583758996,0.10014025837589957
CAT250829C00437500,CAT,C,437.5,2025-08-29,1.47,2.47,1.47,39,759,0.251577,0.21186423491672074,0.029808162021099465,-0.4868899459648323,0.1133268952140032,0.007486475178706113,2025-08-26T20:00:10.203727+00:00,S3,20250826200003,tradier_4x,1.9700000000000002,3,0.21186423491672074,0.011864234916720728
CAT250829C00440000,CAT,C,440.0,2025-08-29,0.9,1.35,1.08,154,266,0.250724,0.14719910456489504,0.023613665263422748,-0.3863712382679889,0.0948067300330666,0.005207346224464429,2025-08-26T20:00:10.203727+00:00,S3,20250826200003,tradier_4x,1.125,3,0.14719910456489504,0.052800895435104966
CAT250829C00435000,CAT,C,435.0,2025-08-29,2.2,3.7,2.58,39,234,0.245981,0.2917630757332929,0.035393591540787035,-0.5809593659775415,0.13810928625592064,0.010295933713772656,2025-08-26T20:00:10.203727+00:00,S3,20250826200003,tradier_4x,2.95,3,0.2917630757332929,0.0917630757332929
CAT250829P00420000,CAT,P,420.0,2025-08-29,0.77,1.32,0.9,260,298,0.27026,-0.1782532794367746,0.024715132042875156,-0.5370465074959928,0.10533762824833758,0.028533761510781176,2025-08-26T20:00:10.203727+00:00,S3,20250826200003,tradier_4x,1.045,3,0.1782532794367746,0.021746720563225408
CAT250829P00422500,CAT,P,422.5,2025-08-29,0.73,1.76,1.51,48,183,0.264342,-0.2443281345005786,0.030276552122217627,-0.6136903903469462,0.123422053139896,0.02633598803060703,2025-08-26T20:00:10.203727+00:00,S3,20250826200003,tradier_4x,1.245,3,0.2443281345005786,0.0443281345005786
CAT250829P00417500,CAT,P,417.5,2025-08-29,0.15,0.86,0.75,50,127,0.2812,-0.1254618921773153,0.019266860632030407,-0.452295612564085,0.07740822339669311,0.03024476092250009,2025-08-26T20:00:10.203727+00:00,S3,20250826200003,tradier_4x,0.505,3,0.1254618921773153,0.07453810782268472
COST250829C00955000,COST,C,955.0,2025-08-29,1.55,2.65,2.59,787,250,0.212269,0.20885580601285886,0.01561101684200912,-0.9292600381024261,0.2503605039799505,0.01615829579164378,2025-08-26T20:00:11.269891+00:00,S3,20250826200003,tradier_4x,2.1,3,0.20885580601285886,0.008855806012858847
COST250829C00957500,COST,C,957.5,2025-08-29,1.85,2.37,2.01,87,19,0.214375,0.17456442012439907,0.01387273927747041,-0.8358554586370943,0.23036968280191597,0.013510659252449184,2025-08-26T20:00:11.269891+00:00,S3,20250826200003,tradier_4x,2.1100000000000003,3,0.17456442012439907,0.02543557987560094
COST250829C00952500,COST,C,952.5,2025-08-29,1.98,3.4,3.35,160,62,0.211375,0.247847073939067,0.01730651994904546,-1.0214824939082718,0.2692162149096297,0.01916613186774246,2025-08-26T20:00:11.269891+00:00,S3,20250826200003,tradier_4x,2.69,3,0.247847073939067,0.04784707393906698
COST250829P00925000,COST,P,925.0,2025-08-29,1.81,2.33,2.0,586,419,0.213884,-0.2049412382012701,0.01562266245259206,-1.0652600149179579,0.24795168863941214,0.06082528519056466,2025-08-26T20:00:11.269891+00:00,S3,20250826200003,tradier_4x,2.0700000000000003,3,0.2049412382012701,0.004941238201270098
COST250829P00927500,COST,P,927.5,2025-08-29,2.1,2.77,2.39,206,133,0.211115,-0.2411912111587612,0.017593247320248903,-1.1153618039219635,0.26745411784010564,0.05815795898169193,2025-08-26T20:00:11.269891+00:00,S3,20250826200003,tradier_4x,2.435,3,0.2411912111587612,0.041191211158761176
COST250829P00920000,COST,P,920.0,2025-08-29,0.91,1.45,1.32,519,715,0.222764,-0.1514427571119455,0.012029680705638625,-0.9809344655355109,0.20749211019646577,0.0646473371376252,2025-08-26T20:00:11.269891+00:00,S3,20250826200003,tradier_4x,1.18,3,0.1514427571119455,0.04855724288805452
CRM250829C00250000,CRM,C,250.0,2025-08-29,0.81,0.86,0.91,3015,2206,0.333446,0.2329052585266778,0.04129204015273903,-0.37932499574758427,0.06914240569688736,0.004605715316690754,2025-08-26T20:00:11.989967+00:00,S3,20250826200003,tradier_4x,0.835,3,0.2329052585266778,0.03290525852667778
CRM250829C00252500,CRM,C,252.5,2025-08-29,0.31,0.51,0.55,1084,838,0.342705,0.15229629308653866,0.030753164719310746,-0.29906183436062267,0.053389495276548404,0.003010636540856509,2025-08-26T20:00:11.989967+00:00,S3,20250826200003,tradier_4x,0.41000000000000003,3,0.15229629308653866,0.04770370691346135
CRM250829C00255000,CRM,C,255.0,2025-08-29,0.26,0.32,0.3,1083,2497,0.356283,0.09674666122929446,0.02159615156313341,-0.22310542052447532,0.0376142913866863,0.00191160825749602,2025-08-26T20:00:11.989967+00:00,S3,20250826200003,tradier_4x,0.29000000000000004,3,0.09674666122929446,0.10325333877070555
CRM250829P00237500,CRM,P,237.5,2025-08-29,0.72,0.8,0.7,270,344,0.335804,-0.174608186812359,0.03400682825213388,-0.36392798001843735,0.06038696988188394,0.016135082115115967,2025-08-26T20:00:11.989967+00:00,S3,20250826200003,tradier_4x,0.76,3,0.174608186812359,0.025391813187641
CRM250829P00240000,CRM,P,240.0,2025-08-29,1.26,1.36,1.17,1287,1502,0.32911,-0.2657427407550873,0.04506244439319696,-0.43182583867756386,0.07516850618702296,0.014430328159529134,2025-08-26T20:00:11.989967+00:00,S3,20250826200003,tradier_4x,1.31,3,0.2657427407550873,0.06574274075508729
CRM250829P00235000,CRM,P,235.0,2025-08-29,0.41,0.45,0.44,711,1234,0.346146,-0.1115129211121334,0.02399273715548515,-0.2917060613267309,0.044364733799667995,0.017251311077403363,2025-08-26T20:00:11.989967+00:00,S3,20250826200003,tradier_4x,0.43,3,0.1115129211121334,0.08848707888786661
CVX250829C00160000,CVX,C,160.0,2025-08-29,0.35,0.4,0.35,1750,4376,0.201968,0.18544251284077104,0.08853125589791096,-0.13895569727894835,0.03849253618321298,0.0023692550113984068,2025-08-26T20:00:12.803337+00:00,S3,20250826200003,tradier_4x,0.375,3,0.18544251284077104,0.014557487159228971
CVX250829C00162500,CVX,C,162.5,2025-08-29,0.09,0.14,0.09,424,2239,0.217314,0.04983078812772172,0.03252744770441413,-0.05411490993048567,0.013599324704969395,0.0006345981946399914,2025-08-26T20:00:12.803337+00:00,S3,20250826200003,tradier_4x,0.115,3,0.04983078812772172,0.15016921187227827
CVX250829C00165000,CVX,C,165.0,2025-08-29,0.02,0.04,0.03,180,1148,0.235215,0.008619723508247008,0.007203375366945678,-0.008895981373742954,0.003231728576610211,0.00010932432431455165,2025-08-26T20:00:12.803337+00:00,S3,20250826200003,tradier_4x,0.03,3,0.008619723508247008,0.19138027649175302
CVX250829P00155000,CVX,P,155.0,2025-08-29,0.37,0.43,0.42,1013,1505,0.214495,-0.2313062368719017,0.09786265782990641,-0.19208990076544272,0.044802111587948994,0.009807044776444541,2025-08-26T20:00:12.803337+00:00,S3,20250826200003,tradier_4x,0.4,3,0.2313062368719017,0.03130623687190168
CVX250829P00152500,CVX,P,152.5,2025-08-29,0.11,0.15,0.12,1055,1301,0.245258,-0.0993304694830094,0.046540103189462105,-0.1486791218152507,0.024846728073152913,0.011368517460125982,2025-08-26T20:00:12.803337+00:00,S3,20250826200003,tradier_4x,0.13,3,0.0993304694830094,0.10066953051699061
CVX250829P00150000,CVX,P,150.0,2025-08-29,0.05,0.07,0.06,196,2038,0.285615,-0.0400340091002801,0.020384656444138005,-0.07187093591935789,0.012473375547314697,0.011956553737320255,2025-08-26T20:00:12.803337+00:00,S3,20250826200003,tradier_4x,0.060000000000000005,3,0.0400340091002801,0.1599659908997199
DE250829C00497500,DE,C,497.5,2025-08-29,0.84,1.19,0.98,157,44,0.257962,0.1692972119790202,0.02376923270785728,-0.46271678771492447,0.10819180215692031,0.006737205831836484,2025-08-26T20:00:13.863714+00:00,S3,20250826200003,tradier_4x,1.015,3,0.1692972119790202,0.03070278802097981
DE250829C00495000,DE,C,495.0,2025-08-29,1.28,1.69,1.8,218,98,0.247023,0.23327216295042488,0.028994774873059955,-0.5635863468423327,0.13982377911056093,0.009282658115028555,2025-08-26T20:00:13.863714+00:00,S3,20250826200003,tradier_4x,1.4849999999999999,3,0.23327216295042488,0.03327216295042487
DE250829C00500000,DE,C,500.0,2025-08-29,0.45,0.81,0.79,361,284,0.25329,0.1202848713235972,0.018615231301244692,-0.3687366919628804,0.08699048208299354,0.0047862414866566,2025-08-26T20:00:13.863714+00:00,S3,20250826200003,tradier_4x,0.63,3,0.1202848713235972,0.0797151286764028
DE250829P00477500,DE,P,477.5,2025-08-29,0.61,1.21,1.53,12,22,0.254666,-0.205693794729586,0.023823815753964615,-0.6802814786354202,0.1291203237804063,0.03127338525232227,2025-08-26T20:00:13.863714+00:00,S3,20250826200003,tradier_4x,0.9099999999999999,3,0.205693794729586,0.005693794729585977
DE250829P00475000,DE,P,475.0,2025-08-29,0.45,0.85,0.56,48,141,0.25777,-0.1575121582508269,0.019577157912269813,-0.6138357289206186,0.10811290363659483,0.033063083898813656,2025-08-26T20:00:13.863714+00:00,S3,20250826200003,tradier_4x,0.65,3,0.1575121582508269,0.04248784174917311
DE250829P00480000,DE,P,480.0,2025-08-29,0.83,1.63,1.72,91,113,0.247298,-0.2652862478013399,0.028204043532497586,-0.7390269368737031,0.14829124290507842,0.029009443577006713,2025-08-26T20:00:13.863714+00:00,S3,20250826200003,tradier_4x,1.23,3,0.2652862478013399,0.0652862478013399
DIA250829C00458000,DIA,C,458.0,2025-08-29,0.56,0.64,0.62,203,3808,0.106835,0.18754233346231886,0.06040119065598132,-0.21365401680477564,0.11361315433435186,0.006944380774932005,2025-08-26T20:00:14.774183+00:00,S3,20250826200003,tradier_4x,0.6000000000000001,3,0.18754233346231886,0.012457666537681156
DIA250829C00457500,DIA,C,457.5,2025-08-29,0.7,0.79,0.81,26,319,0.107587,0.22101335599201638,0.06621778157243394,-0.2390417738978025,0.12309813207012127,0.008190695106732317,2025-08-26T20:00:14.774183+00:00,S3,20250826200003,tradier_4x,0.745,3,0.22101335599201638,0.02101335599201637
DIA250829C00457000,DIA,C,457.0,2025-08-29,0.86,0.96,0.87,426,334,0.108097,0.25739594187862314,0.0714546819152533,-0.26398128112613267,0.13202509507626695,0.00954660849663024,2025-08-26T20:00:14.774183+00:00,S3,20250826200003,tradier_4x,0.9099999999999999,3,0.25739594187862314,0.057395941878623125
DIA250829P00449000,DIA,P,449.0,2025-08-29,0.41,0.47,0.44,144,520,0.135156,-0.1797499892537062,0.04763052094804738,-0.3275164361401811,0.10933643509876104,0.030482313691167898,2025-08-26T20:00:14.774183+00:00,S3,20250826200003,tradier_4x,0.43999999999999995,3,0.1797499892537062,0.020250010746293817
DIA250829P00450000,DIA,P,450.0,2025-08-29,0.53,0.61,0.59,216,756,0.132242,-0.2264278530610939,0.05582117864511831,-0.35253321469303,0.12816690181946544,0.028769488921615464,2025-08-26T20:00:14.774183+00:00,S3,20250826200003,tradier_4x,0.5700000000000001,3,0.2264278530610939,0.02642785306109388
DIA250829P00448000,DIA,P,448.0,2025-08-29,0.32,0.37,0.36,50,418,0.139382,-0.140227396269616,0.039811579270283066,-0.2993994060242136,0.08966009642221516,0.03192086240620959,2025-08-26T20:00:14.774183+00:00,S3,20250826200003,tradier_4x,0.345,3,0.140227396269616,0.05977260373038401
DIS250829C00120000,DIS,C,120.0,2025-08-29,0.23,0.29,0.28,594,2760,0.245491,0.17741243757743302,0.09961843988574295,-0.11442904873018475,0.028211160397644243,0.0017075112506472862,2025-08-26T20:00:15.504236+00:00,S3,20250826200003,tradier_4x,0.26,3,0.17741243757743302,0.022587562422566987
DIS250829C00119000,DIS,C,119.0,2025-08-29,0.47,0.52,0.52,821,870,0.23666,0.278454213513717,0.1378316933038095,-0.1395566670547058,0.03545140923095141,0.002679594401924539,2025-08-26T20:00:15.504236+00:00,S3,20250826200003,tradier_4x,0.495,3,0.278454213513717,0.07845421351371701
DIS250829C00121000,DIS,C,121.0,2025-08-29,0.14,0.18,0.15,364,2561,0.257087,0.11467814767884528,0.068630566177417,-0.0915319765047781,0.02047925622032494,0.001103647894277088,2025-08-26T20:00:15.504236+00:00,S3,20250826200003,tradier_4x,0.16,3,0.11467814767884528,0.08532185232115473
DIS250829P00115000,DIS,P,115.0,2025-08-29,0.21,0.25,0.24,256,1617,0.256765,-0.19292281837376,0.09189303492081718,-0.1497154295094397,0.02917631205949649,0.0076590865012016495,2025-08-26T20:00:15.504236+00:00,S3,20250826200003,tradier_4x,0.22999999999999998,3,0.19292281837376,0.00707718162624002
DIS250829P00114000,DIS,P,114.0,2025-08-29,0.12,0.16,0.16,827,1132,0.273329,-0.1311970742385777,0.06604035677232137,-0.1291899797688599,0.02397481267264181,0.00819192766912459,2025-08-26T20:00:15.504236+00:00,S3,20250826200003,tradier_4x,0.14,3,0.1311970742385777,0.0688029257614223
DIS250829P00116000,DIS,P,116.0,2025-08-29,0.36,0.41,0.35,135,565,0.244561,-0.2812201801745586,0.12472772250823548,-0.16399191281808875,0.036248597224075384,0.006861163825785981,2025-08-26T20:00:15.504236+00:00,S3,20250826200003,tradier_4x,0.385,3,0.2812201801745586,0.08122018017455856
DKNG250829C00049500,DKNG,C,49.5,2025-08-29,0.14,0.17,0.14,41,0,0.408852,0.16973511333651548,0.13518498143852378,-0.06869755978140045,0.010387516893050307,0.0005933163059351385,2025-08-26T20:00:16.264551+00:00,S3,20250826200003,tradier_4x,0.15500000000000003,3,0.16973511333651548,0.030264886663484536
DKNG250829C00049000,DKNG,C,49.0,2025-08-29,0.22,0.26,0.26,490,898,0.396681,0.2467810480411992,0.17382097347950015,-0.08674938972378286,0.013470381569679536,0.0008725452614733269,2025-08-26T20:00:16.264551+00:00,S3,20250826200003,tradier_4x,0.24,3,0.2467810480411992,0.0467810480411992
DKNG250829C00050000,DKNG,C,50.0,2025-08-29,0.08,0.1,0.1,210,1321,0.412143,0.11143614367356366,0.09875338437990132,-0.05107236748440584,0.007315051611268698,0.0003850604091078452,2025-08-26T20:00:16.264551+00:00,S3,20250826200003,tradier_4x,0.09,3,0.11143614367356366,0.08856385632643635
DKNG250829P00046500,DKNG,P,46.5,2025-08-29,0.22,0.26,0.26,1007,1406,0.406668,-0.2285023583594693,0.18012017717916068,-0.09837633820461426,0.013831019488577189,0.0028549132970504686,2025-08-26T20:00:16.264551+00:00,S3,20250826200003,tradier_4x,0.24,3,0.2285023583594693,0.028502358359469293
DKNG250829P00046000,DKNG,P,46.0,2025-08-29,0.14,0.17,0.15,111,316,0.415317,-0.154720389192896,0.14185367470026658,-0.08185333222507186,0.010805375124532784,0.0031346768535618673,2025-08-26T20:00:16.264551+00:00,S3,20250826200003,tradier_4x,0.15500000000000003,3,0.154720389192896,0.04527961080710402
DKNG250829P00045500,DKNG,P,45.5,2025-08-29,0.08,0.12,0.08,19,282,0.429618,-0.0992287093006343,0.10437988703871155,-0.06374754599286016,0.008695843121360606,0.003338622883351838,2025-08-26T20:00:16.264551+00:00,S3,20250826200003,tradier_4x,0.1,3,0.0992287093006343,0.10077129069936572
F250829C00012000,F,C,12.0,2025-08-29,0.05,0.06,0.06,4385,25234,0.278502,0.28645159614326576,1.1771228211889075,-0.01737685219256767,0.003626208417829504,0.00027813001672387925,2025-08-26T20:00:16.948864+00:00,S3,20250826200003,tradier_4x,0.055,3,0.28645159614326576,0.08645159614326575
F250829C00012500,F,C,12.5,2025-08-29,0.01,0.02,0.01,1880,3494,0.411887,0.015867385522458182,0.13151326327334933,-0.0017101250004731444,0.0004971502602271469,1.5501125467186854e-05,2025-08-26T20:00:16.948864+00:00,S3,20250826200003,tradier_4x,0.015,3,0.015867385522458182,0.18413261447754184
F250829C00013000,F,C,13.0,2025-08-29,0.0,0.01,0.01,4,1348,0.582274,0.00010651955602079696,0.0013729598023659753,-7.845736376400824e-06,2.406734058996743e-05,1.0436396711775549e-07,2025-08-26T20:00:16.948864+00:00,S3,20250826200003,tradier_4x,0.005,3,0.00010651955602079696,0.19989348044397923
F250829P00011500,F,P,11.5,2025-08-29,0.02,0.03,0.02,2255,10619,0.299836,-0.1606579121246944,0.7108042797224082,-0.01695136933185187,0.002646704182726625,0.000797399703610473,2025-08-26T20:00:16.948864+00:00,S3,20250826200003,tradier_4x,0.025,3,0.1606579121246944,0.039342087875305604
F250829P00011000,F,P,11.0,2025-08-29,0.0,0.01,0.01,118,4236,0.480375,-0.011689446644929,0.07940261053295664,-0.0015808527938349624,0.0003287838299373517,0.0009049443361198964,2025-08-26T20:00:16.948864+00:00,S3,20250826200003,tradier_4x,0.005,3,0.011689446644929,0.18831055335507102
F250829P00010500,F,P,10.5,2025-08-29,0.0,0.01,0.01,6,1156,0.72117,-0.000215582214375,0.0019840299984479866,-2.250174282603587e-05,2.8917239406558056e-05,0.0008747224925620185,2025-08-26T20:00:16.948864+00:00,S3,20250826200003,tradier_4x,0.005,3,0.000215582214375,0.199784417785625
GOOGL250829C00215000,GOOGL,C,215.0,2025-08-29,0.72,0.75,0.74,10921,24533,0.433708,0.1800167696448359,0.031092255577045733,-0.37541798210092603,0.04993461729557735,0.0030416559980547277,2025-08-26T20:00:17.819686+00:00,S3,20250826200003,tradier_4x,0.735,3,0.1800167696448359,0.01998323035516411
GOOGL250829C00212500,GOOGL,C,212.5,2025-08-29,1.2,1.26,1.21,5061,14670,0.425893,0.25788714508371835,0.039449711429575526,-0.4512185753842339,0.06275669697169943,0.004349116183527545,2025-08-26T20:00:17.819686+00:00,S3,20250826200003,tradier_4x,1.23,3,0.25788714508371835,0.05788714508371834
GOOGL250829C00217500,GOOGL,C,217.5,2025-08-29,0.42,0.47,0.44,2606,6912,0.44452,0.12097485459580924,0.023290258497212724,-0.2941602821501645,0.03631116622323386,0.0020475976833664884,2025-08-26T20:00:17.819686+00:00,S3,20250826200003,tradier_4x,0.44499999999999995,3,0.12097485459580924,0.07902514540419077
GOOGL250829P00200000,GOOGL,P,200.0,2025-08-29,0.84,0.86,0.84,14945,15187,0.453408,-0.2004882342587143,0.032691230518619274,-0.43565865533309495,0.051067939571988165,0.013133619513764907,2025-08-26T20:00:17.819686+00:00,S3,20250826200003,tradier_4x,0.85,3,0.2004882342587143,0.0004882342587142763
GOOGL250829P00197500,GOOGL,P,197.5,2025-08-29,0.54,0.57,0.54,1808,9760,0.475271,-0.1425980120129083,0.02448806189851399,-0.38237854315206365,0.04188991113779253,0.013946834882450085,2025-08-26T20:00:17.819686+00:00,S3,20250826200003,tradier_4x,0.5549999999999999,3,0.1425980120129083,0.0574019879870917
GOOGL250829P00202500,GOOGL,P,202.5,2025-08-29,1.34,1.39,1.34,3425,10786,0.437222,-0.2839410712681409,0.041953312947723406,-0.48654797406677647,0.0635676662306337,0.011864486662090262,2025-08-26T20:00:17.819686+00:00,S3,20250826200003,tradier_4x,1.365,3,0.2839410712681409,0.08394107126814088
GS250829C00755000,GS,C,755.0,2025-08-29,3.45,3.8,3.64,546,270,0.246739,0.20559326569995903,0.017550868717153476,-0.6242104631676045,0.18787688507424313,0.010696253608414273,2025-08-26T20:00:18.680485+00:00,S3,20250826200003,tradier_4x,3.625,3,0.20559326569995903,0.005593265699959021
GS250829C00757500,GS,C,757.5,2025-08-29,2.75,3.05,2.9,112,177,0.247035,0.16522768318665124,0.015231600217489824,-0.5521736386231685,0.16729997448318173,0.008772415063582084,2025-08-26T20:00:18.680485+00:00,S3,20250826200003,tradier_4x,2.9,3,0.16522768318665124,0.034772316813348775
GS250829C00752500,GS,C,752.5,2025-08-29,4.4,4.75,4.62,160,179,0.247767,0.25303782636770994,0.019734549776522566,-0.6924358147627914,0.2150050284126365,0.01287413857640113,2025-08-26T20:00:18.680485+00:00,S3,20250826200003,tradier_4x,4.575,3,0.25303782636770994,0.05303782636770993
GS250829P00730000,GS,P,730.0,2025-08-29,1.96,2.15,2.41,103,252,0.26321,-0.2165273725416905,0.02208429880172883,-0.5167025251996468,0.18782843219866394,0.022005614058939197,2025-08-26T20:00:18.680485+00:00,S3,20250826200003,tradier_4x,2.0549999999999997,3,0.2165273725416905,0.016527372541690483
GS250829P00727500,GS,P,727.5,2025-08-29,1.59,1.75,1.86,270,69,0.265241,-0.1634935217586715,0.02076588648057706,-0.4076985379916117,0.1579068050227045,0.019561696397498635,2025-08-26T20:00:18.680485+00:00,S3,20250826200003,tradier_4x,1.67,3,0.1634935217586715,0.03650647824132852
GS250829P00732500,GS,P,732.5,2025-08-29,2.43,2.64,2.9,23,92,0.259896,-0.2723562971079757,0.023196338944277237,-0.6153214331463651,0.21879540077802936,0.02329290185816264,2025-08-26T20:00:18.680485+00:00,S3,20250826200003,tradier_4x,2.535,3,0.2723562971079757,0.0723562971079757
INTC250829C00025500,INTC,C,25.5,2025-08-29,0.18,0.19,0.18,12155,15689,0.660698,0.22690865300569277,0.18946904359839672,-0.08048377533209629,0.0064215188425369284,0.0004371438390032258,2025-08-26T20:00:19.384487+00:00,S3,20250826200003,tradier_4x,0.185,3,0.22690865300569277,0.026908653005692756
INTC250829C00026000,INTC,C,26.0,2025-08-29,0.12,0.13,0.13,14929,67488,0.732096,0.17002928029688705,0.14589442679162998,-0.07322331939922855,0.005380495077225551,0.00032741716414978105,2025-08-26T20:00:19.384487+00:00,S3,20250826200003,tradier_4x,0.125,3,0.17002928029688705,0.029970719703112964
INTC250829C00026500,INTC,C,26.5,2025-08-29,0.09,0.1,0.1,2866,7308,0.79376,0.13049829166126664,0.11300718273252358,-0.0660245746456697,0.004873862369623321,0.0002511385085209658,2025-08-26T20:00:19.384487+00:00,S3,20250826200003,tradier_4x,0.095,3,0.13049829166126664,0.06950170833873337
INTC250829P00023000,INTC,P,23.0,2025-08-29,0.11,0.12,0.12,3927,10792,0.610633,-0.1714419172387911,0.1881565492724777,-0.0642675271132544,0.005923270390504344,0.0015552879309535122,2025-08-26T20:00:19.384487+00:00,S3,20250826200003,tradier_4x,0.11499999999999999,3,0.1714419172387911,0.028558082761208914
INTC250829P00023500,INTC,P,23.5,2025-08-29,0.19,0.2,0.2,6121,34327,0.589507,-0.2781935070150109,0.2579200070601478,-0.07859599218889643,0.007418176901694308,0.001371495827725962,2025-08-26T20:00:19.384487+00:00,S3,20250826200003,tradier_4x,0.195,3,0.2781935070150109,0.07819350701501088
INTC250829P00022500,INTC,P,22.5,2025-08-29,0.06,0.07,0.06,1084,6109,0.660415,-0.0992798810308961,0.12393065588722721,-0.04830167412014374,0.0038424113255556137,0.001665583149748929,2025-08-26T20:00:19.384487+00:00,S3,20250826200003,tradier_4x,0.065,3,0.0992798810308961,0.1007201189691039
JPM250829C00302500,JPM,C,302.5,2025-08-29,0.84,0.9,0.9,1745,1717,0.211211,0.19490702831112833,0.048731338367799575,-0.2788741788518683,0.07859718238987479,0.004913036608298333,2025-08-26T20:00:21.028804+00:00,S3,20250826200003,tradier_4x,0.87,3,0.19490702831112833,0.005092971688871684
JPM250829C00305000,JPM,C,305.0,2025-08-29,0.4,0.43,0.43,615,3424,0.214635,0.10188242278359348,0.03130983509839244,-0.18189630874993007,0.05262468403322786,0.0025876020321062817,2025-08-26T20:00:21.028804+00:00,S3,20250826200003,tradier_4x,0.41500000000000004,3,0.10188242278359348,0.09811757721640653
JPM250829C00300000,JPM,C,300.0,2025-08-29,1.66,1.74,1.69,17052,12259,0.212097,0.33051893254012044,0.06460321030890644,-0.3627086014206198,0.0999837799563787,0.008267713651865197,2025-08-26T20:00:21.028804+00:00,S3,20250826200003,tradier_4x,1.7,3,0.33051893254012044,0.13051893254012042
JPM250829P00292500,JPM,P,292.5,2025-08-29,0.53,0.58,0.53,385,995,0.2301,-0.211874955991974,0.045309276879482586,-0.345968802528196,0.07944454788367983,0.01918469725244699,2025-08-26T20:00:21.028804+00:00,S3,20250826200003,tradier_4x,0.5549999999999999,3,0.211874955991974,0.011874955991973996
JPM250829P00290000,JPM,P,290.0,2025-08-29,0.3,0.32,0.31,1036,1601,0.242695,-0.1364504331213717,0.030964903729965004,-0.29881130828871744,0.06012905742321301,0.020830573663121972,2025-08-26T20:00:21.028804+00:00,S3,20250826200003,tradier_4x,0.31,3,0.1364504331213717,0.06354956687862831
JPM250829P00287500,JPM,P,287.5,2025-08-29,0.17,0.19,0.18,506,2035,0.256758,-0.0891567744899837,0.02085551498947544,-0.2525170832445729,0.041643452349988674,0.02178120354661202,2025-08-26T20:00:21.028804+00:00,S3,20250826200003,tradier_4x,0.18,3,0.0891567744899837,0.11084322551001631
KO250829C00070000,KO,C,70.0,2025-08-29,0.11,0.12,0.11,2451,6505,0.187868,0.18375071482160765,0.21935433510213467,-0.05531198569885166,0.01700679574703275,0.0010199956713970665,2025-08-26T20:00:21.848442+00:00,S3,20250826200003,tradier_4x,0.11499999999999999,3,0.18375071482160765,0.01624928517839236
KO250829C00071000,KO,C,71.0,2025-08-29,0.04,0.05,0.04,916,4637,0.223708,0.060561798480553014,0.08847775833315552,-0.02682086791040445,0.007098377554184448,0.0003347163848755853,2025-08-26T20:00:21.848442+00:00,S3,20250826200003,tradier_4x,0.045,3,0.060561798480553014,0.139438201519447
KO250829C00072000,KO,C,72.0,2025-08-29,0.02,0.03,0.03,154,5115,0.268442,0.01593635994339688,0.027431555951476654,-0.0077293492409465855,0.002325292846585759,8.769051728439333e-05,2025-08-26T20:00:21.848442+00:00,S3,20250826200003,tradier_4x,0.025,3,0.01593635994339688,0.18406364005660314
KO250829P00068000,KO,P,68.0,2025-08-29,0.18,0.2,0.18,751,2375,0.195621,-0.2261380410814956,0.24985647473325157,-0.07697390908264991,0.01952904543658275,0.004326305794149496,2025-08-26T20:00:21.848442+00:00,S3,20250826200003,tradier_4x,0.19,3,0.2261380410814956,0.02613804108149559
KO250829P00067000,KO,P,67.0,2025-08-29,0.05,0.07,0.05,421,5430,0.218704,-0.0859315178484329,0.11262006122793022,-0.055835586428420826,0.009935816477171464,0.005072581777270198,2025-08-26T20:00:21.848442+00:00,S3,20250826200003,tradier_4x,0.060000000000000005,3,0.0859315178484329,0.1140684821515671
KO250829P00066000,KO,P,66.0,2025-08-29,0.02,0.03,0.02,47,1876,0.265418,-0.025427116630497,0.039779774291650076,-0.015538238147206495,0.004142110063635027,0.005348545489512559,2025-08-26T20:00:21.848442+00:00,S3,20250826200003,tradier_4x,0.025,3,0.025427116630497,0.174572883369503
LLY250829C00750000,LLY,C,750.0,2025-08-29,4.1,4.4,4.3,6444,764,0.352442,0.20097310887473407,0.011943847218431591,-1.1142941858231528,0.19054862741186543,0.012037517465572294,2025-08-26T20:00:22.729096+00:00,S3,20250826200003,tradier_4x,4.25,3,0.20097310887473407,0.0009731088747340633
LLY250829C00747500,LLY,C,747.5,2025-08-29,4.7,5.45,5.0,345,170,0.351386,0.22987818897453052,0.012986873940504105,-1.1986911160223372,0.20570451946591045,0.013758845343788517,2025-08-26T20:00:22.729096+00:00,S3,20250826200003,tradier_4x,5.075,3,0.22987818897453052,0.029878188974530512
LLY250829C00755000,LLY,C,755.0,2025-08-29,2.99,3.25,2.99,956,595,0.359417,0.15194419898529016,0.009856834396158125,-0.9450905576854554,0.1586113183006065,0.00911206378058701,2025-08-26T20:00:22.729096+00:00,S3,20250826200003,tradier_4x,3.12,3,0.15194419898529016,0.048055801014709854
LLY250829P00710000,LLY,P,710.0,2025-08-29,1.37,1.69,1.5,1018,355,0.354674,-0.1900670874581003,0.011811739468193342,-1.1072338495026504,0.18121936570647856,0.04746897227681745,2025-08-26T20:00:22.729096+00:00,S3,20250826200003,tradier_4x,1.53,3,0.1900670874581003,0.009932912541899708
LLY250829P00712500,LLY,P,712.5,2025-08-29,1.71,1.98,1.87,304,165,0.352155,-0.2200770443375117,0.012994938445626634,-1.1891376866575512,0.19681018283484059,0.04581413223459796,2025-08-26T20:00:22.729096+00:00,S3,20250826200003,tradier_4x,1.845,3,0.2200770443375117,0.0200770443375117
LLY250829P00707500,LLY,P,707.5,2025-08-29,1.16,1.34,1.23,279,148,0.357413,-0.1637911454922567,0.01062806197569266,-1.0271546787600003,0.16517140470110675,0.04888933867549412,2025-08-26T20:00:22.729096+00:00,S3,20250826200003,tradier_4x,1.25,3,0.1637911454922567,0.036208854507743304
META250829C00767500,META,C,767.5,2025-08-29,2.73,2.84,2.78,898,1566,0.271098,0.21852621874316225,0.015845035265431642,-0.9272733661457285,0.19851333248810119,0.013250841250637677,2025-08-26T20:00:23.557767+00:00,S3,20250826200003,tradier_4x,2.785,3,0.21852621874316225,0.018526218743162237
META250829C00770000,META,C,770.0,2025-08-29,2.19,2.25,2.25,3313,3736,0.271475,0.18060591197014159,0.014140016536631654,-0.8195579320686931,0.18256173126592046,0.010942285591604827,2025-08-26T20:00:23.557767+00:00,S3,20250826200003,tradier_4x,2.2199999999999998,3,0.18060591197014159,0.019394088029858425
META250829C00772500,META,C,772.5,2025-08-29,1.73,1.78,1.75,762,723,0.271447,0.14769850885621597,0.012387494667596909,-0.7165858049304155,0.14894753591050655,0.008940588897786272,2025-08-26T20:00:23.557767+00:00,S3,20250826200003,tradier_4x,1.755,3,0.14769850885621597,0.052301491143784046
META250829P00735000,META,P,735.0,2025-08-29,1.87,1.93,1.87,1735,3180,0.299735,-0.1845508985933094,0.013301321684012499,-1.0533088413186884,0.18481360323831242,0.04927950874405082,2025-08-26T20:00:23.557767+00:00,S3,20250826200003,tradier_4x,1.9,3,0.1845508985933094,0.015449101406690618
META250829P00737500,META,P,737.5,2025-08-29,2.26,2.32,2.27,575,2189,0.296155,-0.2173335621268789,0.01482821559016075,-1.1280012009532143,0.20104876693897097,0.047367275828710566,2025-08-26T20:00:23.557767+00:00,S3,20250826200003,tradier_4x,2.29,3,0.2173335621268789,0.017333562126878893
META250829P00732500,META,P,732.5,2025-08-29,1.54,1.6,1.64,527,541,0.303465,-0.1562402507575013,0.011795976112031025,-0.9791000691727006,0.1681950581626693,0.05090360717137111,2025-08-26T20:00:23.557767+00:00,S3,20250826200003,tradier_4x,1.57,3,0.1562402507575013,0.0437597492424987
MRK250829C00087000,MRK,C,87.0,2025-08-29,0.19,0.25,0.25,96,867,0.282635,0.19760316820970836,0.12745182719225245,-0.10436187754563742,0.02247208681896268,0.0013810591329365901,2025-08-26T20:00:24.327320+00:00,S3,20250826200003,tradier_4x,0.22,3,0.19760316820970836,0.0023968317902916536
MRK250829C00088000,MRK,C,88.0,2025-08-29,0.1,0.14,0.14,151,660,0.292816,0.10515437483660678,0.08068056444222808,-0.07005094758544135,0.015034449594594945,0.0007360839721816655,2025-08-26T20:00:24.327320+00:00,S3,20250826200003,tradier_4x,0.12000000000000001,3,0.10515437483660678,0.09484562516339323
MRK250829C00086000,MRK,C,86.0,2025-08-29,0.34,0.55,0.43,175,632,0.278892,0.3424500421911236,0.1708339167423724,-0.13765112659918882,0.02856805914637701,0.002387201162327591,2025-08-26T20:00:24.327320+00:00,S3,20250826200003,tradier_4x,0.44500000000000006,3,0.3424500421911236,0.14245004219112362
MRK250829P00083000,MRK,P,83.0,2025-08-29,0.22,0.29,0.3,54,596,0.308109,-0.1939978180132977,0.11045420222896057,-0.12909936331581606,0.02097040850332886,0.005517212742014327,2025-08-26T20:00:24.327320+00:00,S3,20250826200003,tradier_4x,0.255,3,0.1939978180132977,0.0060021819867022985
MRK250829P00082000,MRK,P,82.0,2025-08-29,0.1,0.14,0.13,62,461,0.323916,-0.1137590138771726,0.07298844563784498,-0.10129115438271455,0.015355523865852382,0.006013071942712047,2025-08-26T20:00:24.327320+00:00,S3,20250826200003,tradier_4x,0.12000000000000001,3,0.1137590138771726,0.0862409861228274
MRK250829P00084000,MRK,P,84.0,2025-08-29,0.45,0.55,0.45,28,486,0.299668,-0.3141758941254574,0.15244200306133004,-0.1503483824294745,0.027547460727830094,0.004731078867111455,2025-08-26T20:00:24.327320+00:00,S3,20250826200003,tradier_4x,0.5,3,0.3141758941254574,0.11417589412545737
MS250829C00150000,MS,C,150.0,2025-08-29,0.66,0.73,0.65,162,894,0.202278,0.24796617217665687,0.11817374846177947,-0.14670101312649614,0.04210458511657099,0.0030135338242328015,2025-08-26T20:00:25.008956+00:00,S3,20250826200003,tradier_4x,0.6950000000000001,3,0.24796617217665687,0.04796617217665686
MS250829C00152500,MS,C,152.5,2025-08-29,0.11,0.13,0.11,12,664,0.19993,0.05999364457865158,0.04309123948807616,-0.055508173873126156,0.01744430996811393,0.0007293207292980794,2025-08-26T20:00:25.008956+00:00,S3,20250826200003,tradier_4x,0.12,3,0.05999364457865158,0.14000635542134843
MS250829C00149000,MS,C,149.0,2025-08-29,1.12,1.24,1.18,484,747,0.209248,0.378849004921225,0.1412957451187897,-0.18019371801981848,0.05155791179947101,0.004600235899277108,2025-08-26T20:00:25.008956+00:00,S3,20250826200003,tradier_4x,1.1800000000000002,3,0.378849004921225,0.17884900492122496
MS250829P00145000,MS,P,145.0,2025-08-29,0.14,0.17,0.18,24,1774,0.233915,-0.1706731323565048,0.07556510291058366,-0.16580522317585156,0.033292909607707616,0.009940095217837962,2025-08-26T20:00:25.008956+00:00,S3,20250826200003,tradier_4x,0.15500000000000003,3,0.1706731323565048,0.029326867643495208
MS250829P00146000,MS,P,146.0,2025-08-29,0.24,0.28,0.28,1064,218,0.223298,-0.243723522621588,0.09997919927327088,-0.1853397326054802,0.04265419994759841,0.009106311151667837,2025-08-26T20:00:25.008956+00:00,S3,20250826200003,tradier_4x,0.26,3,0.243723522621588,0.04372352262158799
MS250829P00144000,MS,P,144.0,2025-08-29,0.09,0.11,0.1,21,197,0.247461,-0.1184677942371823,0.055552405335024986,-0.14298905439785092,0.026798454243401694,0.010512077167389387,2025-08-26T20:00:25.008956+00:00,S3,20250826200003,tradier_4x,0.1,3,0.1184677942371823,0.08153220576281771
MSFT250829C00507500,MSFT,C,507.5,2025-08-29,1.62,1.81,1.8,9066,3511,0.219511,0.21082154397811748,0.028897015556572248,-0.48215685888022297,0.13252425074237206,0.008353037451504584,2025-08-26T20:00:25.812194+00:00,S3,20250826200003,tradier_4x,1.715,3,0.21082154397811748,0.010821543978117465
MSFT250829C00510000,MSFT,C,510.0,2025-08-29,1.12,1.19,1.19,12061,6714,0.222717,0.15291618966377415,0.022833164801938772,-0.4010462387920983,0.10033269431324256,0.0060415036454014,2025-08-26T20:00:25.812194+00:00,S3,20250826200003,tradier_4x,1.155,3,0.15291618966377415,0.047083810336225856
MSFT250829C00505000,MSFT,C,505.0,2025-08-29,2.6,2.67,2.63,17640,2007,0.218636,0.2877664807893846,0.03483833015598647,-0.5696292705630401,0.15206193643482058,0.011441966451353298,2025-08-26T20:00:25.812194+00:00,S3,20250826200003,tradier_4x,2.635,3,0.2877664807893846,0.0877664807893846
MSFT250829P00490000,MSFT,P,490.0,2025-08-29,0.61,0.64,0.61,7417,2973,0.23774,-0.1915609794767977,0.025194683128240344,-0.6088833063682627,0.1257716032826857,0.03247816476611404,2025-08-26T20:00:25.812194+00:00,S3,20250826200003,tradier_4x,0.625,3,0.1915609794767977,0.008439020523202306
MSFT250829P00492500,MSFT,P,492.5,2025-08-29,0.9,0.93,0.9,11331,1146,0.231741,-0.254618596340554,0.030315843330154052,-0.6719547388086783,0.15222781238110036,0.029963974199870028,2025-08-26T20:00:25.812194+00:00,S3,20250826200003,tradier_4x,0.915,3,0.254618596340554,0.05461859634055399
MSFT250829P00487500,MSFT,P,487.5,2025-08-29,0.41,0.43,0.43,1428,594,0.244598,-0.1408880215219125,0.02022949196955921,-0.5348895614011719,0.1004474682508454,0.034464731179215245,2025-08-26T20:00:25.812194+00:00,S3,20250826200003,tradier_4x,0.42,3,0.1408880215219125,0.059111978478087523
MU250829C00122000,MU,C,122.0,2025-08-29,0.58,0.63,0.61,845,1663,0.534378,0.21271192253257204,0.05083785788586012,-0.28126693175003054,0.030954875234461828,0.002015293513401936,2025-08-26T20:00:26.646302+00:00,S3,20250826200003,tradier_4x,0.605,3,0.21271192253257204,0.012711922532572029
MU250829C00123000,MU,C,123.0,2025-08-29,0.44,0.48,0.51,764,1070,0.53921,0.17098608757782546,0.043820512685422336,-0.24916830636247836,0.02849341195399364,0.0016216489250917574,2025-08-26T20:00:26.646302+00:00,S3,20250826200003,tradier_4x,0.45999999999999996,3,0.17098608757782546,0.029013912422174548
MU250829C00121000,MU,C,121.0,2025-08-29,0.77,0.82,0.79,545,1975,0.532131,0.2620685246231251,0.05777753929692569,-0.31290805297058044,0.035673407020388945,0.0024797955864968844,2025-08-26T20:00:26.646302+00:00,S3,20250826200003,tradier_4x,0.7949999999999999,3,0.2620685246231251,0.062068524623125065
MU250829P00112000,MU,P,112.0,2025-08-29,0.73,0.78,0.74,193,5400,0.562698,-0.1840347906303337,0.043894909384185166,-0.29639839861783707,0.028697908901081287,0.007476197822989051,2025-08-26T20:00:26.646302+00:00,S3,20250826200003,tradier_4x,0.755,3,0.1840347906303337,0.015965209369666306
MU250829P00113000,MU,P,113.0,2025-08-29,0.97,1.03,1.0,425,1160,0.557971,-0.22960497695823,0.05087744623096543,-0.32799997074882564,0.033552387432009306,0.007097784054771741,2025-08-26T20:00:26.646302+00:00,S3,20250826200003,tradier_4x,1.0,3,0.22960497695823,0.02960497695823
MU250829P00111000,MU,P,111.0,2025-08-29,0.54,0.58,0.52,238,921,0.568313,-0.1448089191061459,0.03705519504085082,-0.26256639429055606,0.023587250259855797,0.0077896096041151445,2025-08-26T20:00:26.646302+00:00,S3,20250826200003,tradier_4x,0.56,3,0.1448089191061459,0.055191080893854105
NFLX250829C01252500,NFLX,C,1252.5,2025-08-29,3.2,3.75,3.36,215,503,0.273665,0.20854764603968462,0.009447515317150051,-1.4759525574354133,0.32332512754730053,0.02076252741088732,2025-08-26T20:00:27.500405+00:00,S3,20250826200003,tradier_4x,3.475,3,0.20854764603968462,0.008547646039684609
NFLX250829C01255000,NFLX,C,1255.0,2025-08-29,2.6,3.15,2.9,438,1284,0.274212,0.1882986628140564,0.008801238996464612,-1.3872281549872651,0.29645429042706556,0.01865596615826439,2025-08-26T20:00:27.500405+00:00,S3,20250826200003,tradier_4x,2.875,3,0.1882986628140564,0.0117013371859436
NFLX250829C01257500,NFLX,C,1257.5,2025-08-29,2.41,2.74,2.52,142,267,0.276684,0.16776303148788027,0.00815968783178518,-1.2988894635451527,0.2692199439411547,0.016696500522626043,2025-08-26T20:00:27.500405+00:00,S3,20250826200003,tradier_4x,2.575,3,0.16776303148788027,0.03223696851211974
NFLX250829P01200000,NFLX,P,1200.0,2025-08-29,3.5,3.9,3.51,636,895,0.287055,-0.1966581515336192,0.00851222700064559,-1.7351484021050834,0.30250324296759135,0.07935680074549656,2025-08-26T20:00:27.500405+00:00,S3,20250826200003,tradier_4x,3.7,3,0.1966581515336192,0.0033418484663808035
NFLX250829P01202500,NFLX,P,1202.5,2025-08-29,3.85,4.4,4.49,296,295,0.284419,-0.215261116564723,0.009110453963633558,-1.7939009595824087,0.3283346390517009,0.07751572636445501,2025-08-26T20:00:27.500405+00:00,S3,20250826200003,tradier_4x,4.125,3,0.215261116564723,0.015261116564722982
NFLX250829P01197500,NFLX,P,1197.5,2025-08-29,3.05,3.35,3.55,151,337,0.290172,-0.1793114688992367,0.007923280894104795,-1.675529992415639,0.30177620283340273,0.08097029767661096,2025-08-26T20:00:27.500405+00:00,S3,20250826200003,tradier_4x,3.2,3,0.1793114688992367,0.020688531100763324
NKE250829C00081000,NKE,C,81.0,2025-08-29,0.2,0.22,0.2,225,790,0.319444,0.16949642984508254,0.10563349734272066,-0.10173163973972238,0.018957914462980268,0.001086115576014723,2025-08-26T20:00:28.266186+00:00,S3,20250826200003,tradier_4x,0.21000000000000002,3,0.16949642984508254,0.030503570154917475
NKE250829C00080000,NKE,C,80.0,2025-08-29,0.4,0.43,0.4,962,1858,0.315265,0.2845560015121353,0.14781597322093454,-0.13269491534729994,0.02374841289827956,0.0018217618947559751,2025-08-26T20:00:28.266186+00:00,S3,20250826200003,tradier_4x,0.41500000000000004,3,0.2845560015121353,0.08455600151213527
NKE250829C00082000,NKE,C,82.0,2025-08-29,0.09,0.11,0.09,117,3187,0.337425,0.09178344404116287,0.0671977001302802,-0.06732185565151916,0.012145016361439998,0.0005885096390380447,2025-08-26T20:00:28.266186+00:00,S3,20250826200003,tradier_4x,0.1,3,0.09178344404116287,0.10821655595883714
NKE250829P00077000,NKE,P,77.0,2025-08-29,0.29,0.34,0.33,193,1255,0.330239,-0.2273577987101252,0.1337601657719699,-0.12505587457992046,0.02115001371609624,0.0048924988100075405,2025-08-26T20:00:28.266186+00:00,S3,20250826200003,tradier_4x,0.315,3,0.2273577987101252,0.027357798710125197
NKE250829P00076000,NKE,P,76.0,2025-08-29,0.15,0.18,0.18,160,617,0.343896,-0.1400351524535554,0.08855808101798826,-0.1060755359541767,0.015993677803096223,0.005394469077700935,2025-08-26T20:00:28.266186+00:00,S3,20250826200003,tradier_4x,0.16499999999999998,3,0.1400351524535554,0.0599648475464446
NKE250829P00075000,NKE,P,75.0,2025-08-29,0.07,0.11,0.09,71,1466,0.371168,-0.0880721961243797,0.05747726349497616,-0.08753136567121363,0.011066671893662627,0.005659399707751937,2025-08-26T20:00:28.266186+00:00,S3,20250826200003,tradier_4x,0.09,3,0.0880721961243797,0.1119278038756203
NVDA250829C00195000,NVDA,C,195.0,2025-08-29,1.38,1.4,1.4,21782,61230,0.826587,0.19500162927339448,0.020169347362888022,-0.629115757676495,0.044173811016696325,0.0028405689359378055,2025-08-26T20:00:29.002636+00:00,S3,20250826200003,tradier_4x,1.39,3,0.19500162927339448,0.004998370726605528
NVDA250829C00192500,NVDA,C,192.5,2025-08-29,1.9,1.93,1.91,10909,30509,0.836686,0.25005783516162783,0.022852083075830056,-0.7382285546951741,0.051900640447270094,0.003628890611022903,2025-08-26T20:00:29.002636+00:00,S3,20250826200003,tradier_4x,1.915,3,0.25005783516162783,0.05005783516162782
NVDA250829C00197500,NVDA,C,197.5,2025-08-29,0.98,1.0,0.99,12451,10711,0.820794,0.14805260542535634,0.017134044733395422,-0.519602080402423,0.04031348745144751,0.002163523183926512,2025-08-26T20:00:29.002636+00:00,S3,20250826200003,tradier_4x,0.99,3,0.14805260542535634,0.051947394574643674
NVDA250829P00170000,NVDA,P,170.0,2025-08-29,1.83,1.84,1.83,34236,50173,0.926872,-0.189859901437278,0.01789869935966284,-0.70450955326584,0.04457647508215931,0.011145584541979175,2025-08-26T20:00:29.002636+00:00,S3,20250826200003,tradier_4x,1.835,3,0.189859901437278,0.010140098562722022
NVDA250829P00172500,NVDA,P,172.5,2025-08-29,2.41,2.42,2.4,12164,14832,0.916803,-0.2387662469765439,0.02068811140008196,-0.7917072626364507,0.05217402887188773,0.010564590832361604,2025-08-26T20:00:29.002636+00:00,S3,20250826200003,tradier_4x,2.415,3,0.2387662469765439,0.03876624697654388
NVDA250829P00167500,NVDA,P,167.5,2025-08-29,1.36,1.38,1.37,8229,12862,0.937667,-0.1492229874845751,0.015069556214730702,-0.6183008502328202,0.04041351707527813,0.011589578866110244,2025-08-26T20:00:29.002636+00:00,S3,20250826200003,tradier_4x,1.37,3,0.1492229874845751,0.05077701251542491
ORCL250829C00242500,ORCL,C,242.5,2025-08-29,1.14,1.21,1.25,2070,1270,0.466842,0.22984134149086127,0.030507729500544804,-0.5114019013663591,0.06678280455370425,0.004363380297705981,2025-08-26T20:00:29.812181+00:00,S3,20250826200003,tradier_4x,1.1749999999999998,3,0.22984134149086127,0.029841341490861262
ORCL250829C00245000,ORCL,C,245.0,2025-08-29,0.74,0.79,0.78,717,2677,0.471451,0.16750174974182716,0.02473133760757044,-0.4279738792355333,0.05153420699236943,0.00318323610609176,2025-08-26T20:00:29.812181+00:00,S3,20250826200003,tradier_4x,0.765,3,0.16750174974182716,0.03249825025817285
ORCL250829C00247500,ORCL,C,247.5,2025-08-29,0.48,0.52,0.55,379,1069,0.477541,0.12108689036679998,0.019354639987900074,-0.35081262131514385,0.04133315089784676,0.002302652539174965,2025-08-26T20:00:29.812181+00:00,S3,20250826200003,tradier_4x,0.5,3,0.12108689036679998,0.07891310963320003
ORCL250829P00225000,ORCL,P,225.0,2025-08-29,1.01,1.05,1.0,679,1850,0.501947,-0.1721536567068865,0.02364579289331823,-0.5102160101257646,0.05260411838806751,0.01527306803325661,2025-08-26T20:00:29.812181+00:00,S3,20250826200003,tradier_4x,1.03,3,0.1721536567068865,0.0278463432931135
ORCL250829P00227500,ORCL,P,227.5,2025-08-29,1.49,1.54,1.5,359,799,0.493231,-0.2347370295136423,0.02917304885431356,-0.5857389902096503,0.06741254245484705,0.014214048541325795,2025-08-26T20:00:29.812181+00:00,S3,20250826200003,tradier_4x,1.5150000000000001,3,0.2347370295136423,0.0347370295136423
ORCL250829P00222500,ORCL,P,222.5,2025-08-29,0.67,0.7,0.67,312,759,0.512658,-0.1233237666046767,0.01842533259205077,-0.43001126584812227,0.04229365143643521,0.01605163616947525,2025-08-26T20:00:29.812181+00:00,S3,20250826200003,tradier_4x,0.685,3,0.1233237666046767,0.07667623339532331
PEP250829C00150000,PEP,C,150.0,2025-08-29,0.29,0.41,0.33,332,992,0.233359,0.16901650334999682,0.08008599834186902,-0.13747597079307305,0.03292624682134185,0.0020155361993823328,2025-08-26T20:00:30.551316+00:00,S3,20250826200003,tradier_4x,0.35,3,0.16901650334999682,0.03098349665000319
PEP250829C00149000,PEP,C,149.0,2025-08-29,0.47,0.75,0.48,1123,510,0.228219,0.257676156710395,0.10400048553112162,-0.17696890317916164,0.04226875750495208,0.003075343821769209,2025-08-26T20:00:30.551316+00:00,S3,20250826200003,tradier_4x,0.61,3,0.257676156710395,0.057676156710395
PEP250829C00152500,PEP,C,152.5,2025-08-29,0.1,0.14,0.12,256,983,0.269441,0.044211392240465615,0.028858171115466107,-0.05049847511215223,0.012928707864960006,0.0005256265491965322,2025-08-26T20:00:30.551316+00:00,S3,20250826200003,tradier_4x,0.12000000000000001,3,0.044211392240465615,0.1557886077595344
PEP250829P00144000,PEP,P,144.0,2025-08-29,0.27,0.32,0.32,387,299,0.247237,-0.1804104511993082,0.08084944280524585,-0.18542425395871978,0.035498655945326495,0.009727901787611905,2025-08-26T20:00:30.551316+00:00,S3,20250826200003,tradier_4x,0.29500000000000004,3,0.1804104511993082,0.019589548800691803
PEP250829P00145000,PEP,P,145.0,2025-08-29,0.42,0.53,0.49,401,450,0.241477,-0.2681706545557392,0.10356828758159799,-0.21288849316731182,0.04448806802751288,0.008711667011145516,2025-08-26T20:00:30.551316+00:00,S3,20250826200003,tradier_4x,0.475,3,0.2681706545557392,0.06817065455573917
PEP250829P00143000,PEP,P,143.0,2025-08-29,0.15,0.21,0.2,328,117,0.257306,-0.1146111385016906,0.058541395579759126,-0.15308525881243484,0.025900437322118643,0.010469409522474528,2025-08-26T20:00:30.551316+00:00,S3,20250826200003,tradier_4x,0.18,3,0.1146111385016906,0.08538886149830942
PFE250829C00025500,PFE,C,25.5,2025-08-29,0.03,0.05,0.03,6732,11375,0.21225,0.11954814556132361,0.4532202362187363,-0.015342947074214302,0.004507675729952829,0.00024668255904222535,2025-08-26T20:00:31.322757+00:00,S3,20250826200003,tradier_4x,0.04,3,0.11954814556132361,0.0804518544386764
PFE250829C00026000,PFE,C,26.0,2025-08-29,0.01,0.02,0.01,5130,19934,0.274904,0.01159593327354365,0.06821035713876315,-0.001778349484973206,0.0006726605965071318,2.398857990997806e-05,2025-08-26T20:00:31.322757+00:00,S3,20250826200003,tradier_4x,0.015,3,0.01159593327354365,0.18840406672645635
PFE250829C00026500,PFE,C,26.5,2025-08-29,0.0,0.01,0.01,2796,6831,0.350263,0.00039281431419426664,0.0031726242745884975,-4.585398622778024e-05,5.766386035508469e-05,8.138177774574061e-07,2025-08-26T20:00:31.322757+00:00,S3,20250826200003,tradier_4x,0.005,3,0.00039281431419426664,0.19960718568580574
PFE250829P00024500,PFE,P,24.5,2025-08-29,0.04,0.06,0.04,1772,1257,0.200099,-0.1717105534087123,0.5028665405478624,-0.027126741523655278,0.006075833253444556,0.0016808146620435629,2025-08-26T20:00:31.322757+00:00,S3,20250826200003,tradier_4x,0.05,3,0.1717105534087123,0.02828944659128771
PFE250829P00024000,PFE,P,24.0,2025-08-29,0.01,0.04,0.02,600,1273,0.273445,-0.0395494905803944,0.1502539870565818,-0.009229281172993755,0.0018327876614398018,0.0019174118653455547,2025-08-26T20:00:31.322757+00:00,S3,20250826200003,tradier_4x,0.025,3,0.0395494905803944,0.16045050941960562
PFE250829P00023500,PFE,P,23.5,2025-08-29,0.01,0.02,0.02,233,692,0.385354,-0.0047727080544253,0.023450926460331714,-0.0009040202934327298,0.00032730694016386947,0.0019488146257792952,2025-08-26T20:00:31.322757+00:00,S3,20250826200003,tradier_4x,0.015,3,0.0047727080544253,0.1952272919455747
PLTR250829C00170000,PLTR,C,170.0,2025-08-29,0.69,0.71,0.7,30423,26119,0.585673,0.16412674111299055,0.02882018459206866,-0.3611799283874141,0.03535852165257852,0.0021623615060511327,2025-08-26T20:00:32.058109+00:00,S3,20250826200003,tradier_4x,0.7,3,0.16412674111299055,0.03587325888700946
PLTR250829C00167500,PLTR,C,167.5,2025-08-29,1.1,1.14,1.13,14943,20445,0.583095,0.23980134841905104,0.036424096434910666,-0.45034589364038,0.045744220371406935,0.0031464929703637658,2025-08-26T20:00:32.058109+00:00,S3,20250826200003,tradier_4x,1.12,3,0.23980134841905104,0.03980134841905103
PLTR250829C00172500,PLTR,C,172.5,2025-08-29,0.42,0.44,0.43,11896,18396,0.596127,0.10787351863193012,0.021417500528872247,-0.27270346926123046,0.028418979900799397,0.0014261709288992555,2025-08-26T20:00:32.058109+00:00,S3,20250826200003,tradier_4x,0.43,3,0.10787351863193012,0.09212648136806989
PLTR250829P00152500,PLTR,P,152.5,2025-08-29,0.91,0.93,0.92,11231,5984,0.654372,-0.169303740452831,0.02649799937304948,-0.4223267976120745,0.03609465776117523,0.010386581548262266,2025-08-26T20:00:32.058109+00:00,S3,20250826200003,tradier_4x,0.92,3,0.169303740452831,0.030696259547169008
PLTR250829P00155000,PLTR,P,155.0,2025-08-29,1.35,1.38,1.38,38567,11248,0.62697,-0.2427897064203012,0.033758069425072056,-0.5024021681084636,0.04633640644418179,0.009572321058448512,2025-08-26T20:00:32.058109+00:00,S3,20250826200003,tradier_4x,1.365,3,0.2427897064203012,0.04278970642030119
PLTR250829P00150000,PLTR,P,150.0,2025-08-29,0.61,0.63,0.63,25041,14089,0.68727,-0.1125086817652778,0.019613079332555565,-0.33415414311278707,0.02896107489465635,0.01096469069862404,2025-08-26T20:00:32.058109+00:00,S3,20250826200003,tradier_4x,0.62,3,0.1125086817652778,0.08749131823472221
QCOM250829C00162500,QCOM,C,162.5,2025-08-29,0.55,0.6,0.55,1418,2421,0.298652,0.2516768276374116,0.07422696200294014,-0.23558256705703762,0.04819244183031212,0.0033214798524884553,2025-08-26T20:00:32.943161+00:00,S3,20250826200003,tradier_4x,0.575,3,0.2516768276374116,0.051676827637411604
QCOM250829C00165000,QCOM,C,165.0,2025-08-29,0.18,0.23,0.2,695,1278,0.295223,0.11070377211740959,0.04373452817173839,-0.1398475014685378,0.027812692751412342,0.0014697190082942593,2025-08-26T20:00:32.943161+00:00,S3,20250826200003,tradier_4x,0.20500000000000002,3,0.11070377211740959,0.08929622788259042
QCOM250829C00167500,QCOM,C,167.5,2025-08-29,0.01,0.12,0.06,395,424,0.286854,0.038882050351625494,0.019412491679399197,-0.06264462772291245,0.01335807054455649,0.000518909205814651,2025-08-26T20:00:32.943161+00:00,S3,20250826200003,tradier_4x,0.065,3,0.038882050351625494,0.1611179496483745
QCOM250829P00155000,QCOM,P,155.0,2025-08-29,0.39,0.45,0.42,499,1327,0.314079,-0.1531184425534358,0.051794214960766416,-0.1971284288431951,0.03599732487282972,0.010871357697167261,2025-08-26T20:00:32.943161+00:00,S3,20250826200003,tradier_4x,0.42000000000000004,3,0.1531184425534358,0.04688155744656422
QCOM250829P00157500,QCOM,P,157.5,2025-08-29,0.95,1.03,0.97,577,236,0.300915,-0.3186242864383702,0.08048065712345744,-0.2773522870162692,0.05186224297304677,0.008843939575996674,2025-08-26T20:00:32.943161+00:00,S3,20250826200003,tradier_4x,0.99,3,0.3186242864383702,0.1186242864383702
QCOM250829P00152500,QCOM,P,152.5,2025-08-29,0.16,0.21,0.2,991,909,0.345252,-0.0582170877746077,0.024954515499839094,-0.1105209692178045,0.016747153686392798,0.011934808011584695,2025-08-26T20:00:32.943161+00:00,S3,20250826200003,tradier_4x,0.185,3,0.0582170877746077,0.1417829122253923
SHOP250829C00145000,SHOP,C,145.0,2025-08-29,0.73,0.78,0.75,777,719,0.42068,0.21654413968858813,0.05449723461998512,-0.26891900758056947,0.03716331460016169,0.0024629733439641022,2025-08-26T20:00:34.670458+00:00,S3,20250826200003,tradier_4x,0.755,3,0.21654413968858813,0.016544139688588116
SHOP250829C00146000,SHOP,C,146.0,2025-08-29,0.54,0.59,0.53,83,400,0.42137,0.1677832207918492,0.04650416394721876,-0.22935459028220517,0.03101702166432243,0.001909616903957028,2025-08-26T20:00:34.670458+00:00,S3,20250826200003,tradier_4x,0.565,3,0.1677832207918492,0.0322167792081508
SHOP250829C00147000,SHOP,C,147.0,2025-08-29,0.41,0.44,0.4,42,232,0.423244,0.12862256398629698,0.038578045138700515,-0.1924322777097944,0.028005721786250187,0.0014645068573581768,2025-08-26T20:00:34.670458+00:00,S3,20250826200003,tradier_4x,0.425,3,0.12862256398629698,0.07137743601370303
SHOP250829P00136000,SHOP,P,136.0,2025-08-29,0.55,0.61,0.66,18,343,0.449814,-0.1995989727528505,0.04943323598793296,-0.3005188454625642,0.037344946268527184,0.008920464139908635,2025-08-26T20:00:34.670458+00:00,S3,20250826200003,tradier_4x,0.5800000000000001,3,0.1995989727528505,0.0004010272471495213
SHOP250829P00135000,SHOP,P,135.0,2025-08-29,0.4,0.44,0.53,205,1565,0.456101,-0.1565987174548024,0.04171403672197135,-0.2683927256127193,0.031299488208682426,0.00935720939716503,2025-08-26T20:00:34.670458+00:00,S3,20250826200003,tradier_4x,0.42000000000000004,3,0.1565987174548024,0.04340128254519762
SHOP250829P00137000,SHOP,P,137.0,2025-08-29,0.74,0.8,0.81,46,318,0.443288,-0.2515309827414687,0.05699526389942439,-0.33142976499876203,0.04035397113818704,0.008374616035524562,2025-08-26T20:00:34.670458+00:00,S3,20250826200003,tradier_4x,0.77,3,0.2515309827414687,0.05153098274146867
SOFI250829C00027500,SOFI,C,27.5,2025-08-29,0.12,0.13,0.12,13542,8730,0.709138,0.18461524668440177,0.16461337801151923,-0.07670519963437994,0.006265734157431226,0.00040646272376877865,2025-08-26T20:00:35.424014+00:00,S3,20250826200003,tradier_4x,0.125,3,0.18461524668440177,0.015384753315598243
SOFI250829C00027000,SOFI,C,27.0,2025-08-29,0.19,0.2,0.19,25075,16704,0.696735,0.26001608184709846,0.20747873542062464,-0.08859035278205303,0.007870193807024712,0.0005681999769226636,2025-08-26T20:00:35.424014+00:00,S3,20250826200003,tradier_4x,0.195,3,0.26001608184709846,0.060016081847098446
SOFI250829C00028000,SOFI,C,28.0,2025-08-29,0.08,0.09,0.09,5719,12990,0.725882,0.12748332029056544,0.1257004185480917,-0.06223301789219472,0.005137169661064183,0.0002827586274113204,2025-08-26T20:00:35.424014+00:00,S3,20250826200003,tradier_4x,0.08499999999999999,3,0.12748332029056544,0.07251667970943457
SOFI250829P00024500,SOFI,P,24.5,2025-08-29,0.2,0.22,0.22,3388,7913,0.6724,-0.1911424804758454,0.15439987155065146,-0.07663282921694707,0.0064144751358898725,0.0016352285485884209,2025-08-26T20:00:35.424014+00:00,S3,20250826200003,tradier_4x,0.21000000000000002,3,0.1911424804758454,0.008857519524154617
SOFI250829P00024000,SOFI,P,24.0,2025-08-29,0.11,0.12,0.13,2965,7238,0.707597,-0.1435399553783233,0.11402048739032432,-0.07146288655588144,0.005256109169690871,0.0016944638836869585,2025-08-26T20:00:35.424014+00:00,S3,20250826200003,tradier_4x,0.11499999999999999,3,0.1435399553783233,0.056460044621676725
SOFI250829P00025000,SOFI,P,25.0,2025-08-29,0.34,0.35,0.34,8323,10521,0.660145,-0.265153769898827,0.20906250270000717,-0.08258572103874677,0.007524734541219173,0.0015184441063495863,2025-08-26T20:00:35.424014+00:00,S3,20250826200003,tradier_4x,0.345,3,0.265153769898827,0.06515376989882699
TSLA250829C00362500,TSLA,C,362.5,2025-08-29,2.16,2.2,2.19,19010,7946,0.471426,0.18726745545118753,0.01788555109060106,-0.6850075481186741,0.08420752781322755,0.0053069351801464035,2025-08-26T20:00:37.431625+00:00,S3,20250826200003,tradier_4x,2.18,3,0.18726745545118753,0.01273254454881248
TSLA250829C00360000,TSLA,C,360.0,2025-08-29,2.8,2.83,2.83,74350,29777,0.469248,0.23203411179259595,0.02041296499787464,-0.7751211780156956,0.0990913779063561,0.00656725217917636,2025-08-26T20:00:37.431625+00:00,S3,20250826200003,tradier_4x,2.815,3,0.23203411179259595,0.03203411179259594
TSLA250829C00365000,TSLA,C,365.0,2025-08-29,1.65,1.67,1.67,21339,15844,0.474472,0.14886153335963295,0.01533643823511366,-0.5932870851131744,0.07672514608106984,0.004223325840209451,2025-08-26T20:00:37.431625+00:00,S3,20250826200003,tradier_4x,1.66,3,0.14886153335963295,0.05113846664036706
TSLA250829P00335000,TSLA,P,335.0,2025-08-29,1.28,1.3,1.29,27509,8509,0.52103,-0.1940264914724683,0.016798609835052894,-0.817821205080703,0.08572439810462418,0.022126388353352143,2025-08-26T20:00:37.431625+00:00,S3,20250826200003,tradier_4x,1.29,3,0.1940264914724683,0.005973508527531701
TSLA250829P00337500,TSLA,P,337.5,2025-08-29,1.6,1.64,1.62,17813,6551,0.509279,-0.2370478784082312,0.01917453719984604,-0.8928347449653008,0.10011647066921009,0.0210429858733116,2025-08-26T20:00:37.431625+00:00,S3,20250826200003,tradier_4x,1.62,3,0.2370478784082312,0.03704787840823118
TSLA250829P00332500,TSLA,P,332.5,2025-08-29,1.01,1.04,1.03,10197,5179,0.532464,-0.1567404060056866,0.014451458911598762,-0.735442979734438,0.07789488428804821,0.023035579029743358,2025-08-26T20:00:37.431625+00:00,S3,20250826200003,tradier_4x,1.025,3,0.1567404060056866,0.04325959399431342
UBER250829C00099000,UBER,C,99.0,2025-08-29,0.42,0.45,0.43,1170,1572,0.358433,0.2220291153223518,0.09322723987321754,-0.16779494661312988,0.027428319292334344,0.0018028566578659386,2025-08-26T20:00:38.282124+00:00,S3,20250826200003,tradier_4x,0.435,3,0.2220291153223518,0.0220291153223518
UBER250829C00100000,UBER,C,100.0,2025-08-29,0.25,0.27,0.25,2008,7428,0.363676,0.14758631183667775,0.07150836205251687,-0.13206175376191687,0.021204559554125396,0.0012057403596635857,2025-08-26T20:00:38.282124+00:00,S3,20250826200003,tradier_4x,0.26,3,0.14758631183667775,0.05241368816332226
UBER250829C00101000,UBER,C,101.0,2025-08-29,0.13,0.17,0.17,445,1348,0.373627,0.09246513673961884,0.051167146992538215,-0.09580804859667054,0.01496896966076437,0.0007601241786850157,2025-08-26T20:00:38.282124+00:00,S3,20250826200003,tradier_4x,0.15000000000000002,3,0.09246513673961884,0.10753486326038117
UBER250829P00094000,UBER,P,94.0,2025-08-29,0.38,0.42,0.38,1195,909,0.37152,-0.2161233878663493,0.09046115512377445,-0.1698082296238491,0.02580918504378684,0.00611607579292788,2025-08-26T20:00:38.282124+00:00,S3,20250826200003,tradier_4x,0.4,3,0.2161233878663493,0.016123387866349287
UBER250829P00093000,UBER,P,93.0,2025-08-29,0.23,0.27,0.23,677,3736,0.385698,-0.1506340823938659,0.06684840545203234,-0.14919559355850584,0.01955323259137928,0.006556484712200037,2025-08-26T20:00:38.282124+00:00,S3,20250826200003,tradier_4x,0.25,3,0.1506340823938659,0.049365917606134124
UBER250829P00092000,UBER,P,92.0,2025-08-29,0.14,0.16,0.14,333,972,0.391652,-0.1086386996531444,0.04889501656368212,-0.13238333564552454,0.015435903134117074,0.006806749152870701,2025-08-26T20:00:38.282124+00:00,S3,20250826200003,tradier_4x,0.15000000000000002,3,0.1086386996531444,0.0913613003468556
UNH250829C00315000,UNH,C,315.0,2025-08-29,0.5,0.6,0.55,7828,3427,0.315446,0.20948285187428647,0.031506002989388514,-0.4507278474368319,0.08079095317381736,0.00529217603590865,2025-08-26T20:00:39.166699+00:00,S3,20250826200003,tradier_4x,0.55,3,0.20948285187428647,0.009482851874286463
UNH250829C00317500,UNH,C,317.5,2025-08-29,0.34,0.43,0.39,1653,1780,0.328624,0.15235161451133925,0.024692853388164175,-0.38360684903435155,0.06741236484146353,0.003852315988939356,2025-08-26T20:00:39.166699+00:00,S3,20250826200003,tradier_4x,0.385,3,0.15235161451133925,0.047648385488660766
UNH250829C00312500,UNH,C,312.5,2025-08-29,0.71,0.92,0.76,3070,1536,0.30818,0.2834573454731046,0.03911232711093647,-0.5067497400303597,0.09296366214933074,0.007154176819201309,2025-08-26T20:00:39.166699+00:00,S3,20250826200003,tradier_4x,0.815,3,0.2834573454731046,0.08345734547310457
UNH250829P00300000,UNH,P,300.0,2025-08-29,4.0,4.15,4.13,6571,4466,0.324242,-0.2022200638077647,0.031041365628221042,-0.4768677839497605,0.08213125745899724,0.019750092967532426,2025-08-26T20:00:39.166699+00:00,S3,20250826200003,tradier_4x,4.075,3,0.2022200638077647,0.002220063807764683
UNH250829P00297500,UNH,P,297.5,2025-08-29,3.0,3.2,3.08,3354,1310,0.337137,-0.1518192392232448,0.023769568455849224,-0.4405882671865768,0.06887584178019547,0.020850055735360046,2025-08-26T20:00:39.166699+00:00,S3,20250826200003,tradier_4x,3.1,3,0.1518192392232448,0.048180760776755205
UNH250829P00302500,UNH,P,302.5,2025-08-29,5.1,5.65,5.4,1540,1345,0.313324,-0.2760295160130187,0.039776730170566064,-0.5131667053919365,0.09427571635269885,0.01803819634114064,2025-08-26T20:00:39.166699+00:00,S3,20250826200003,tradier_4x,5.375,3,0.2760295160130187,0.07602951601301872
WFC250829C00083000,WFC,C,83.0,2025-08-29,0.2,0.22,0.21,540,1379,0.232337,0.17243247608878906,0.14757488106871194,-0.07707592573565955,0.019762389880211506,0.001165621707430086,2025-08-26T20:00:39.933179+00:00,S3,20250826200003,tradier_4x,0.21000000000000002,3,0.17243247608878906,0.02756752391121095
WFC250829C00084000,WFC,C,84.0,2025-08-29,0.06,0.08,0.06,890,1332,0.229144,0.06633464738962518,0.07452653972887882,-0.038560964215923955,0.009586781218211823,0.00045054334184192654,2025-08-26T20:00:39.933179+00:00,S3,20250826200003,tradier_4x,0.07,3,0.06633464738962518,0.13366535261037482
WFC250829C00082000,WFC,C,82.0,2025-08-29,0.51,0.55,0.56,848,2383,0.238525,0.35432591148216575,0.21161063671386146,-0.1154422736852329,0.027292257454939538,0.0023814720150467316,2025-08-26T20:00:39.933179+00:00,S3,20250826200003,tradier_4x,0.53,3,0.35432591148216575,0.15432591148216573
WFC250829P00080000,WFC,P,80.0,2025-08-29,0.22,0.24,0.22,367,1702,0.259727,-0.2419185677509308,0.16175407941151024,-0.11293656308257077,0.02338382517811307,0.005017165672772267,2025-08-26T20:00:39.933179+00:00,S3,20250826200003,tradier_4x,0.22999999999999998,3,0.2419185677509308,0.04191856775093078
WFC250829P00079000,WFC,P,79.0,2025-08-29,0.1,0.12,0.11,168,682,0.281622,-0.1175970272080133,0.09814136988438048,-0.08075898477289246,0.014656448068715718,0.005785878680791291,2025-08-26T20:00:39.933179+00:00,S3,20250826200003,tradier_4x,0.11,3,0.1175970272080133,0.08240297279198672
WFC250829P00078000,WFC,P,78.0,2025-08-29,0.06,0.07,0.06,134,841,0.324138,-0.0466801123227657,0.047591060386032745,-0.03953286304785558,0.00715683563521622,0.006186294797166615,2025-08-26T20:00:39.933179+00:00,S3,20250826200003,tradier_4x,0.065,3,0.0466801123227657,0.1533198876772343
XLE250829C00089000,XLE,C,89.0,2025-08-29,0.18,0.5,0.29,326,1622,0.163903,0.20623133276316793,0.22508845597394575,-0.06266094304404685,0.023218134106420252,0.0014998852629182708,2025-08-26T20:00:40.678664+00:00,S3,20250826200003,tradier_4x,0.33999999999999997,3,0.20623133276316793,0.006231332763167924
XLE250829C00089500,XLE,C,89.5,2025-08-29,0.01,0.37,0.07,68,369,0.161547,0.10804955682194667,0.14983725583305277,-0.039535998661972944,0.015569003268249726,0.0007868750735416855,2025-08-26T20:00:40.678664+00:00,S3,20250826200003,tradier_4x,0.19,3,0.10804955682194667,0.09195044317805334
XLE250829C00090000,XLE,C,90.0,2025-08-29,0.02,0.24,0.06,367,2667,0.157225,0.06831669446233139,0.0969777508022252,-0.030491131368642527,0.010304829500733808,0.0004975050076018116,2025-08-26T20:00:40.678664+00:00,S3,20250826200003,tradier_4x,0.13,3,0.06831669446233139,0.1316833055376686
XLE250829P00086500,XLE,P,86.5,2025-08-29,0.01,0.18,0.17,261,291,0.209843,-0.1816639911539498,0.16356878161584587,-0.0819932626695395,0.021703659783422237,0.005866398697720585,2025-08-26T20:00:40.678664+00:00,S3,20250826200003,tradier_4x,0.095,3,0.1816639911539498,0.018336008846050217
XLE250829P00087000,XLE,P,87.0,2025-08-29,0.2,0.42,0.22,213,305,0.198183,-0.2650056290921499,0.21448081194237487,-0.0932776355333702,0.026993508776533937,0.005289661733373312,2025-08-26T20:00:40.678664+00:00,S3,20250826200003,tradier_4x,0.31,3,0.2650056290921499,0.06500562909214991
XLE250829P00086000,XLE,P,86.0,2025-08-29,0.03,0.12,0.12,2516,299,0.221535,-0.1293012606263096,0.12029749392908573,-0.07336753432308477,0.017851945533753678,0.0062125461465393095,2025-08-26T20:00:40.678664+00:00,S3,20250826200003,tradier_4x,0.075,3,0.1293012606263096,0.07069873937369042
XLF250829C00054000,XLF,C,54.0,2025-08-29,0.02,0.17,0.12,733,1459,0.114627,0.19004201012193,0.4453155421514367,-0.02743429825424657,0.012172703973782627,0.0007830626762277359,2025-08-26T20:00:41.436292+00:00,S3,20250826200003,tradier_4x,0.095,3,0.19004201012193,0.009957989878070006
XLF250829C00054500,XLF,C,54.5,2025-08-29,0.01,0.22,0.02,301,1983,0.122466,0.04133915423683204,0.1396909724035563,-0.008263798161625285,0.004098304768074531,0.00016489792124834812,2025-08-26T20:00:41.436292+00:00,S3,20250826200003,tradier_4x,0.115,3,0.04133915423683204,0.15866084576316797
XLF250829C00055000,XLF,C,55.0,2025-08-29,0.0,0.01,0.01,13,1532,0.167779,0.004798581638342509,0.021099668212579418,-0.000757362009817657,0.0005556166184667519,1.8508317208447402e-05,2025-08-26T20:00:41.436292+00:00,S3,20250826200003,tradier_4x,0.005,3,0.004798581638342509,0.1952014183616575
XLF250829P00053000,XLF,P,53.0,2025-08-29,0.07,0.09,0.08,5294,8215,0.145361,-0.2496051457536926,0.45204949659481763,-0.04910854506286621,0.016145382031912188,0.0032375440913088053,2025-08-26T20:00:41.436292+00:00,S3,20250826200003,tradier_4x,0.08,3,0.2496051457536926,0.0496051457536926
XLF250829P00052500,XLF,P,52.5,2025-08-29,0.03,0.05,0.04,97,9698,0.168402,-0.1213541516355473,0.2464542818411129,-0.04151492215850123,0.010593208379100631,0.0038002251047420704,2025-08-26T20:00:41.436292+00:00,S3,20250826200003,tradier_4x,0.04,3,0.1213541516355473,0.07864584836445271
XLF250829P00052000,XLF,P,52.0,2025-08-29,0.01,0.02,0.02,276,12485,0.197895,-0.0601631652539508,0.12884343546935087,-0.02762695279357977,0.006345248229177591,0.004049406868945071,2025-08-26T20:00:41.436292+00:00,S3,20250826200003,tradier_4x,0.015,3,0.0601631652539508,0.13983683474604922
XLI250829C00155000,XLI,C,155.0,2025-08-29,0.0,1.15,0.16,61,213,0.122769,0.12192959331228484,0.11454926123448832,-0.06322850226250698,0.027724207649201013,0.0015444754817129308,2025-08-26T20:00:42.215430+00:00,S3,20250826200003,tradier_4x,0.575,3,0.12192959331228484,0.07807040668771517
XLI250829C00154000,XLI,C,154.0,2025-08-29,0.0,0.75,0.46,9,87,0.130041,0.2781586879374916,0.1850137804346966,-0.1102592934358027,0.04703227497986569,0.0035176841075927772,2025-08-26T20:00:42.215430+00:00,S3,20250826200003,tradier_4x,0.375,3,0.2781586879374916,0.07815868793749159
XLI250829C00156000,XLI,C,156.0,2025-08-29,0.0,2.91,0.02,76,147,0.115861,0.042127455610239804,0.050880556513089134,-0.027607331176885665,0.013580052863813813,0.0005341630449818467,2025-08-26T20:00:42.215430+00:00,S3,20250826200003,tradier_4x,1.455,3,0.042127455610239804,0.1578725443897602
XLI250829P00151000,XLI,P,151.0,2025-08-29,0.05,1.0,0.21,478,3244,0.170133,-0.2049038113668525,0.12073180659274597,-0.1376603996362317,0.0404383290481508,0.009946867963603206,2025-08-26T20:00:42.215430+00:00,S3,20250826200003,tradier_4x,0.525,3,0.2049038113668525,0.004903811366852501
XLI250829P00150000,XLI,P,150.0,2025-08-29,0.05,2.14,0.15,31,118,0.183984,-0.1179288011391284,0.0792030860455331,-0.11135765035558211,0.027247909870131502,0.010982306753571534,2025-08-26T20:00:42.215430+00:00,S3,20250826200003,tradier_4x,1.095,3,0.1179288011391284,0.08207119886087161
XLI250829P00149500,XLI,P,149.5,2025-08-29,0.0,4.8,0.17,1,43,0.190323,-0.0865112780205566,0.061913223043092935,-0.09727383324210713,0.02106717151813757,0.011344524357612068,2025-08-26T20:00:42.215430+00:00,S3,20250826200003,tradier_4x,2.4,3,0.0865112780205566,0.11348872197944342
XLK250829C00267500,XLK,C,267.5,2025-08-29,0.01,0.72,0.68,179,312,0.221099,0.19357428913974878,0.05248152451061475,-0.24496176945610634,0.06886719391729203,0.004196119622427602,2025-08-26T20:00:42.928442+00:00,S3,20250826200003,tradier_4x,0.365,3,0.19357428913974878,0.0064257108602512325
XLK250829C00270000,XLK,C,270.0,2025-08-29,0.05,0.3,0.15,466,453,0.215456,0.08888659479636869,0.031075771010036213,-0.14074211808374634,0.04042051285218233,0.0019304533277160762,2025-08-26T20:00:42.928442+00:00,S3,20250826200003,tradier_4x,0.175,3,0.08888659479636869,0.11111340520363132
XLK250829C00265000,XLK,C,265.0,2025-08-29,1.15,1.71,1.47,224,219,0.233932,0.3544233751317759,0.06768833606609788,-0.35217807924969613,0.0877687092230851,0.007658837920564005,2025-08-26T20:00:42.928442+00:00,S3,20250826200003,tradier_4x,1.43,3,0.3544233751317759,0.1544233751317759
XLK250829P00257500,XLK,P,257.5,2025-08-29,0.15,0.81,0.64,602,323,0.274794,-0.2063997666261058,0.042473710832595116,-0.34611451037422425,0.07079259184078178,0.01687941054269191,2025-08-26T20:00:42.928442+00:00,S3,20250826200003,tradier_4x,0.48000000000000004,3,0.2063997666261058,0.0063997666261057795
XLK250829P00255000,XLK,P,255.0,2025-08-29,0.05,0.55,0.46,19,3203,0.289344,-0.1243689331429702,0.02930627091857467,-0.26893467830717055,0.04802046872707107,0.018498565775789847,2025-08-26T20:00:42.928442+00:00,S3,20250826200003,tradier_4x,0.30000000000000004,3,0.1243689331429702,0.0756310668570298
XLK250829P00260000,XLK,P,260.0,2025-08-29,0.0,1.73,1.17,530,413,0.258257,-0.3207342208386147,0.05637741824196606,-0.40100689979439125,0.08554389052897643,0.01453567975614077,2025-08-26T20:00:42.928442+00:00,S3,20250826200003,tradier_4x,0.865,3,0.3207342208386147,0.12073422083861468
XLV250829C00138500,XLV,C,138.5,2025-08-29,0.15,1.03,0.24,2,141,0.144558,0.2222041379237884,0.1595904900872654,-0.09607736600638725,0.03675404542772265,0.002446578991159979,2025-08-26T20:00:43.637457+00:00,S3,20250826200003,tradier_4x,0.59,3,0.2222041379237884,0.022204137923788392
XLV250829C00139000,XLV,C,139.0,2025-08-29,0.09,0.18,0.1,26,234,0.149164,0.1627554343623783,0.12501012212418602,-0.08210838255716683,0.030765351891948033,0.0017888017786045526,2025-08-26T20:00:43.637457+00:00,S3,20250826200003,tradier_4x,0.135,3,0.1627554343623783,0.03724456563762171
XLV250829C00138000,XLV,C,138.0,2025-08-29,0.14,0.6,0.32,19,123,0.141319,0.3022676340304672,0.19631918217616748,-0.11021062205929465,0.04206099111302501,0.0033360768910374434,2025-08-26T20:00:43.637457+00:00,S3,20250826200003,tradier_4x,0.37,3,0.3022676340304672,0.10226763403046718
XLV250829P00135500,XLV,P,135.5,2025-08-29,0.15,0.42,0.21,1,127,0.141367,-0.1951247957850155,0.1518687873514695,-0.11269782167542187,0.0359411992708464,0.008979680245617658,2025-08-26T20:00:43.637457+00:00,S3,20250826200003,tradier_4x,0.285,3,0.1951247957850155,0.004875204214984524
XLV250829P00135000,XLV,P,135.0,2025-08-29,0.01,0.17,0.13,21,4343,0.148003,-0.1379135760442256,0.11712599358844761,-0.10039741589798101,0.027141246819872532,0.009613146682627133,2025-08-26T20:00:43.637457+00:00,S3,20250826200003,tradier_4x,0.09000000000000001,3,0.1379135760442256,0.062086423955774406
XLV250829P00136000,XLV,P,136.0,2025-08-29,0.25,0.33,0.36,35,94,0.138719,-0.2707601790074969,0.18890399663402557,-0.12289482141937069,0.04149523108075821,0.008132182185042488,2025-08-26T20:00:43.637457+00:00,S3,20250826200003,tradier_4x,0.29000000000000004,3,0.2707601790074969,0.07076017900749687
XLY250829C00237500,XLY,C,237.5,2025-08-29,0.0,4.8,0.2,2,28,0.1712,0.11681916485857803,0.05215231046347424,-0.1227209361698694,0.0414166397660979,0.0021911556259877115,2025-08-26T20:00:44.469175+00:00,S3,20250826200003,tradier_4x,2.4,3,0.11681916485857803,0.08318083514142198
XLY250829C00235000,XLY,C,235.0,2025-08-29,0.0,4.8,0.39,3,35,0.172385,0.30552172599597305,0.09171683907889255,-0.23230031117292876,0.0750049693986902,0.005767149582782361,2025-08-26T20:00:44.469175+00:00,S3,20250826200003,tradier_4x,2.4,3,0.30552172599597305,0.10552172599597304
XLY250829C00240000,XLY,C,240.0,2025-08-29,0.0,0.16,0.09,0,16,0.22519,0.03178634497890598,0.01874067364038579,-0.043608187674714964,0.013919117117803309,0.0005918619893139806,2025-08-26T20:00:44.469175+00:00,S3,20250826200003,tradier_4x,0.08,3,0.03178634497890598,0.16821365502109403
XLY250829P00230000,XLY,P,230.0,2025-08-29,0.0,0.7,0.58,5,117,0.213978,-0.2536692012738623,0.06949140631686763,-0.28361809728584875,0.06711670260950275,0.014106344309102396,2025-08-26T20:00:44.469175+00:00,S3,20250826200003,tradier_4x,0.35,3,0.2536692012738623,0.053669201273862266
XLY250829P00227500,XLY,P,227.5,2025-08-29,0.0,4.8,0.35,22,47,0.241862,-0.13895645534253,0.04316596625915346,-0.2326235661930491,0.04713508530207842,0.016186002903896678,2025-08-26T20:00:44.469175+00:00,S3,20250826200003,tradier_4x,2.4,3,0.13895645534253,0.06104354465747
XLY250829P00225000,XLY,P,225.0,2025-08-29,0.0,4.8,0.2,30,276,0.27354,-0.0723763173109251,0.024799726819063634,-0.17334985665311875,0.028270321548886434,0.01730822133670897,2025-08-26T20:00:44.469175+00:00,S3,20250826200003,tradier_4x,2.4,3,0.0723763173109251,0.12762368268907492
XOM250829C00113000,XOM,C,113.0,2025-08-29,0.33,0.39,0.36,587,6828,0.210036,0.18322417020333287,0.1325362157920205,-0.09406807043790809,0.02704839332130856,0.0017048200281718489,2025-08-26T20:00:45.231507+00:00,S3,20250826200003,tradier_4x,0.36,3,0.18322417020333287,0.01677582979666714
XOM250829C00114000,XOM,C,114.0,2025-08-29,0.15,0.18,0.17,160,1186,0.214156,0.09922300531104858,0.08103031391300751,-0.06608588775012046,0.017369162277386767,0.0009255197422857064,2025-08-26T20:00:45.231507+00:00,S3,20250826200003,tradier_4x,0.16499999999999998,3,0.09922300531104858,0.10077699468895143
XOM250829C00112000,XOM,C,112.0,2025-08-29,0.66,0.78,0.73,1734,3564,0.209582,0.33567744392672505,0.18530344507980986,-0.12834735739259176,0.037449632828524655,0.003106957292284898,2025-08-26T20:00:45.231507+00:00,S3,20250826200003,tradier_4x,0.72,3,0.33567744392672505,0.13567744392672504
XOM250829P00109000,XOM,P,109.0,2025-08-29,0.18,0.23,0.21,518,1003,0.234427,-0.2160038585183706,0.10466112967944444,-0.15370715536079332,0.029714640410249717,0.007073565753724733,2025-08-26T20:00:45.231507+00:00,S3,20250826200003,tradier_4x,0.20500000000000002,3,0.2160038585183706,0.01600385851837058
XOM250829P00108000,XOM,P,108.0,2025-08-29,0.1,0.13,0.12,272,404,0.251782,-0.1470514542410069,0.07449644227368962,-0.13717367960575735,0.022512057361810278,0.007632666516675771,2025-08-26T20:00:45.231507+00:00,S3,20250826200003,tradier_4x,0.115,3,0.1470514542410069,0.052948545758993104
XOM250829P00107000,XOM,P,107.0,2025-08-29,0.05,0.09,0.07,146,839,0.271754,-0.0963619463313612,0.05181397565455335,-0.1138112614677481,0.01774347445039449,0.008021794090206022,2025-08-26T20:00:45.231507+00:00,S3,20250826200003,tradier_4x,0.07,3,0.0963619463313612,0.1036380536686388
